field_name,bd_value_change_sc4_nocons_allsp,bd_value_change_sc4_nocons_amphibia,bd_value_change_sc4_nocons_aves,bd_value_change_sc4_nocons_crenvu,bd_value_change_sc4_nocons_mammalia,bd_value_change_sc3_nocons_allsp,bd_value_change_sc3_nocons_amphibia,bd_value_change_sc3_nocons_aves,bd_value_change_sc3_nocons_crenvu,bd_value_change_sc3_nocons_mammalia,bd_value_change_sc2_nocons_allsp,bd_value_change_sc2_nocons_amphibia,bd_value_change_sc2_nocons_aves,bd_value_change_sc2_nocons_crenvu,bd_value_change_sc2_nocons_mammalia,bd_value_change_sc1_nocons_allsp,bd_value_change_sc1_nocons_amphibia,bd_value_change_sc1_nocons_aves,bd_value_change_sc1_nocons_crenvu,bd_value_change_sc1_nocons_mammalia,bd_value_imp_bas_nocons_nocons_allsp,bd_value_imp_bas_nocons_amphibia,bd_value_imp_bas_nocons_aves,bd_value_imp_bas_nocons_crenvu,bd_value_imp_bas_nocons_mammalia,bd_value_imp_sc4_nocons_allsp,bd_value_imp_sc4_nocons_amphibia,bd_value_imp_sc4_nocons_aves,bd_value_imp_sc4_nocons_crenvu,bd_value_imp_sc4_nocons_mammalia,bd_value_imp_sc3_nocons_allsp,bd_value_imp_sc3_nocons_amphibia,bd_value_imp_sc3_nocons_aves,bd_value_imp_sc3_nocons_crenvu,bd_value_imp_sc3_nocons_mammalia,bd_value_imp_sc2_nocons_allsp,bd_value_imp_sc2_nocons_amphibia,bd_value_imp_sc2_nocons_aves,bd_value_imp_sc2_nocons_crenvu,bd_value_imp_sc2_nocons_mammalia,bd_value_imp_sc1_nocons_allsp,bd_value_imp_sc1_nocons_amphibia,bd_value_imp_sc1_nocons_aves,bd_value_imp_sc1_nocons_crenvu,bd_value_imp_sc1_nocons_mammalia
GLR_131,0.092453997,0.089236146,-0.007307643,0.088749973,0.010525494,0.089082782,0.087214558,-0.008147774,0.086954451,0.010015998,0.074127888,0.076112792,-0.01008098,0.076197729,0.008096076,0.054461794,0.062106359,-0.013121392,0.062827743,0.005476827,0.597000341,0.320662497,0.165598834,0.244034629,0.11073901,0.629355924,0.453037345,0.117559698,0.385640255,0.058758881,0.635430999,0.459050999,0.117616589,0.391911729,0.058763411,0.625082791,0.452131971,0.115670769,0.385218042,0.057280051,0.615714379,0.446803749,0.113299542,0.380341277,0.055611088
GLR_133,-0.053818559,-0.001181964,-0.036878644,-0.000233371,-0.015757951,-0.053234988,-0.001614405,-0.036539374,-0.0000857,-0.01508121,-0.05318298,-0.001460616,-0.036468273,-0.000125493,-0.015254091,-0.052755626,-0.000961744,-0.036046537,-0.000242045,-0.015747346,0.182835176,0.005750563,0.138886583,0.001671944,0.03819803,0.064499074,0.004566312,0.048384075,0.001711062,0.011548687,0.070728145,0.004104023,0.053162665,0.002003419,0.013461457,0.067433419,0.004273342,0.050324911,0.001918825,0.012835166,0.067789143,0.004795098,0.050628252,0.001772487,0.012365794
GLR_134,-4.347237734,-1.241965681,-1.262902903,-1.419196764,-1.84236915,-4.643950067,-1.329882885,-1.344952564,-1.519615221,-1.969114617,-4.644509218,-1.329486956,-1.346051665,-1.51871054,-1.968970598,-4.648201604,-1.331115507,-1.347066314,-1.52068256,-1.970019782,5.757137488,1.626585492,1.865387879,1.773915659,2.265164116,4.510096216,1.412911938,1.058109673,1.89978373,2.039074605,4.26272056,1.382543963,0.964968883,1.797060726,1.915207714,4.194148612,1.383163133,0.927602011,1.795003587,1.883383467,4.234235848,1.386632228,0.947621758,1.800600427,1.899981861
GLR_135,-1.215594925,-0.355050506,-0.420112505,-0.352789327,-0.440431915,-1.960733112,-0.591386299,-0.669731786,-0.586803099,-0.699615027,-1.960897575,-0.591423611,-0.669830656,-0.586803658,-0.699643309,-1.960916822,-0.591428906,-0.669843718,-0.586803772,-0.699644198,2.899315105,0.891416169,1.044441709,0.841816379,0.963457227,4.305101963,1.308351501,1.606292436,1.282644548,1.390458027,3.017210339,0.862624296,1.101447136,0.916991464,1.053138907,2.86506473,0.861139076,1.039463941,0.904179343,0.964461713,2.945348277,0.871673217,1.069811595,0.91831501,1.003863466
GLR_138,-0.111009469,0.000714369,-0.085942245,-0.000594052,-0.025781593,-0.125201806,0.000268739,-0.097541898,-0.000530961,-0.027928647,-0.119021571,0.0004802,-0.092499338,-0.000553879,-0.027002433,-0.123857214,0.00088979,-0.096252342,-0.00060724,-0.028494662,0.378713613,0.013763439,0.299659002,0.002709799,0.065291172,0.203419622,0.014577696,0.16219773,0.00221885,0.026644197,0.158495611,0.014054299,0.123958363,0.002340202,0.020482949,0.184194101,0.014324891,0.145790267,0.002301194,0.024078944,0.159936772,0.014773896,0.12512426,0.002214039,0.020038615
GLR_139,-0.429918488,-0.063772838,-0.207620594,-0.074615231,-0.158525056,-0.900999939,-0.14036118,-0.425457436,-0.160999942,-0.335181323,-0.901916962,-0.140407856,-0.426326994,-0.160717224,-0.335182111,-0.900895532,-0.140295691,-0.425459129,-0.16088325,-0.335140712,1.601838019,0.27048206,0.854843398,0.241086461,0.476512561,2.56352018,0.404400624,1.380396649,0.342862685,0.778722907,1.599143316,0.242601778,0.861731984,0.198187847,0.494809555,1.48212415,0.241299565,0.813885677,0.189016914,0.426938908,1.541611109,0.245255105,0.839403643,0.195824191,0.456952362
GLR_142,-0.590642044,-0.035420322,-0.30314718,-0.100915268,-0.252074542,-1.099086525,-0.068097865,-0.557793432,-0.219256533,-0.473195229,-0.91674339,-0.055903507,-0.464527336,-0.175319395,-0.396312547,-1.024650464,-0.062764147,-0.517933963,-0.200468353,-0.443952354,1.523824806,0.105194733,0.863841303,0.275826674,0.55478877,2.073517209,0.143287894,1.161406868,0.388165946,0.768822447,0.628505015,0.068395745,0.361482744,0.120339839,0.198626526,1.406242185,0.107001694,0.766578813,0.25969611,0.532661678,0.999001539,0.086624161,0.553622209,0.184396445,0.358755168
GLR_144,-0.229924803,0.001147964,-0.181980477,-0.001762141,-0.04909229,-0.331890211,0.001039294,-0.250096174,-0.006115416,-0.08283333,-0.252331484,0.000431611,-0.197721766,-0.002687793,-0.055041329,-0.291779968,0.0000582,-0.224450405,-0.004354078,-0.067387811,0.679530624,0.025519383,0.514021854,0.009991637,0.139989387,0.64289888,0.02684393,0.49270444,0.014306372,0.12335051,0.309918427,0.02658885,0.252241646,0.003921299,0.031087931,0.675889522,0.026111349,0.504850824,0.014494534,0.144927349,0.517235305,0.025771058,0.39418498,0.009640456,0.097279267
GLR_152,-0.209088877,-0.000694558,-0.100169596,-0.024867137,-0.108224723,-0.253565839,-0.000549507,-0.120559459,-0.03096624,-0.132456873,-0.245268894,-0.000507575,-0.116397064,-0.02994733,-0.128364254,-0.238114538,-0.00049312,-0.112971614,-0.029012942,-0.124649804,0.479699683,0.01098295,0.277667063,0.044359549,0.19104967,0.510293363,0.010434191,0.303694837,0.045539456,0.196164335,0.53605823,0.010538968,0.294959181,0.043210781,0.230560081,0.509843273,0.010613383,0.290617796,0.04316766,0.208612094,0.571275084,0.010674902,0.316581383,0.048487116,0.244018799
GLR_199,-0.000453935,-0.0000882,-0.0000794,-0.0000105,-0.000286331,-0.000229794,-0.000087,-0.0000853,-0.0000115,-0.0000575,-0.000601075,-0.000087,-0.0000952,-0.0000115,-0.000418834,-0.000601075,-0.000087,-0.0000952,-0.0000115,-0.000418834,0.061893438,0.026127061,0.019217069,0.00225989,0.016549308,0.068176033,0.026832223,0.023820062,0.00244488,0.017523748,0.070397465,0.027219628,0.025493657,0.002494747,0.01768418,0.069730756,0.027147163,0.025057692,0.002484917,0.0175259,0.070562136,0.027336722,0.025445024,0.002510341,0.01778039
GLR_200,-0.010289541,-0.000457555,-0.001210336,-0.000341151,-0.00862165,-0.010970402,-0.000501779,-0.001283086,-0.000362754,-0.009185537,-0.012029957,-0.000564607,-0.001406879,-0.000393546,-0.010058472,-0.014899564,-0.000770941,-0.001731704,-0.000481991,-0.012396919,0.176893395,0.015743284,0.021392497,0.00623962,0.139757614,0.225196977,0.017333408,0.024690589,0.009424673,0.18317298,0.243088529,0.018576136,0.025975788,0.010454553,0.198536604,0.241709725,0.018438785,0.025616405,0.010492914,0.197654535,0.24123347,0.018325668,0.025572648,0.010577957,0.197335154
GLR_211,-0.612003,-0.289811793,-0.045194878,-0.418406704,-0.27699633,-0.621194641,-0.292284164,-0.046984754,-0.424497215,-0.281925723,-0.624977924,-0.293191319,-0.048140153,-0.426400459,-0.283646451,-0.640986414,-0.297415409,-0.051902081,-0.436051904,-0.291668924,3.727747003,0.977248303,0.95648323,1.942073295,1.79401547,1.976283837,0.678670272,0.481710502,1.068317045,0.815903063,2.164156174,0.798255374,0.489160263,1.209423842,0.876740537,2.155262371,0.795173795,0.487963835,1.206253409,0.872124741,2.156294946,0.794899082,0.489533167,1.205686119,0.871862697
GLR_226,0.010133583,0.000183529,0.008741392,0.001887543,0.001208661,0.010133583,0.000183529,0.008741392,0.001887543,0.001208661,0.010133583,0.000183529,0.008741392,0.001887543,0.001208661,0.010133583,0.000183529,0.008741392,0.001887543,0.001208661,0.045774919,0.000930596,0.036427507,0.004327252,0.008416815,0.050172234,0.001004123,0.0384483,0.004940325,0.01071981,0.051606919,0.000993644,0.039176771,0.004974948,0.011436504,0.051045304,0.000996742,0.038880166,0.004958438,0.011168395,0.051688986,0.000997213,0.039232848,0.004978733,0.011458925
GLR_229,0.068899337,0.001034353,0.050196401,0.001934486,0.017668583,0.068899337,0.001034353,0.050196401,0.001934486,0.017668583,0.068899337,0.001034353,0.050196401,0.001934486,0.017668583,0.068899337,0.001034353,0.050196401,0.001934486,0.017668583,0.252332038,0.004206732,0.182024805,0.004340524,0.066100501,0.321062171,0.005187,0.217195366,0.005841051,0.098679805,0.335843948,0.00518151,0.22430345,0.00601169,0.106358988,0.330435449,0.0051896,0.221739381,0.005947378,0.103506468,0.336426839,0.005195754,0.224763692,0.006020687,0.106467393
GLR_277,0,0,0,0,0,0,0,0,0,0,0,0,0,0,0,0,0,0,0,0,0.020940831,0.000412482,0.011454542,0.000078,0.009073807,0.034556771,0.000425226,0.017165789,0.0000898,0.016965756,0.041909869,0.000428536,0.019736659,0.0000941,0.021744673,0.039226355,0.000427859,0.018872922,0.0000924,0.019925573,0.041351317,0.00043,0.019519104,0.0000939,0.021402213
GLR_278,-0.015087311,0.0000972,-0.004284614,-0.000162295,-0.010899887,-0.015272945,0.000097,-0.004346479,-0.000164139,-0.011023439,-0.015329555,0.0000941,-0.004394066,-0.000164905,-0.011029578,-0.015329555,0.0000941,-0.004394066,-0.000164905,-0.011029578,0.070182144,0.001563653,0.035734053,0.000651675,0.032884439,0.082005355,0.001637876,0.03845042,0.000521069,0.04191706,0.099406386,0.001628658,0.042948978,0.000526724,0.054828751,0.092505729,0.001630151,0.04109972,0.00052363,0.049775858,0.098065245,0.001632502,0.042599427,0.000528096,0.053833316
GLR_279,0,0,0,0,0,0,0,0,0,0,0,0,0,0,0,0,0,0,0,0,0.001664179,0.0000476,0.000967895,0.0000157,0.000648724,0.002641458,0.0000501,0.001387697,0.0000195,0.00120371,0.003221093,0.0000507,0.001619964,0.0000205,0.001550419,0.003000754,0.0000505,0.001531287,0.0000202,0.001418919,0.003175804,0.0000509,0.001603039,0.0000205,0.001521889
GLR_281,-0.035449009,0.000112477,-0.012624038,-0.000245231,-0.022937448,-0.048285007,0.000220669,-0.016648703,-0.000311277,-0.031856973,-0.048262061,0.000219632,-0.016648342,-0.000311443,-0.03183335,-0.048285007,0.000220669,-0.016648703,-0.000311277,-0.031856973,0.183215149,0.004712553,0.101288522,0.001390971,0.077214074,0.220683449,0.004799335,0.112687489,0.001174053,0.103196625,0.225695426,0.004846643,0.114799584,0.001073475,0.106049199,0.213240318,0.004858929,0.110364075,0.001072404,0.098017314,0.223052979,0.004866004,0.114059885,0.001078051,0.10412709
GLR_282,-0.095652989,0.000232315,-0.027422899,0.0000759,-0.068462405,-0.111233825,0.000846538,-0.028802006,0.000231969,-0.083278357,-0.104182394,0.000571571,-0.028133395,0.00017676,-0.07662057,-0.110149229,0.00079969,-0.028724285,0.00022195,-0.082224634,0.389575495,0.007085116,0.232312616,0.001732748,0.150177763,0.390461043,0.007338544,0.246715158,0.001952932,0.136407341,0.374721389,0.007785144,0.238208042,0.002045251,0.128728203,0.389730646,0.00759786,0.245897105,0.002028969,0.136235681,0.37743913,0.007779188,0.239713396,0.002049723,0.129946546
GLR_283,-0.042728019,0.001013703,-0.007216279,-0.000231727,-0.036525443,-0.056662724,0.001314357,-0.009608991,-0.000334812,-0.048368091,-0.050417841,0.001198408,-0.008353045,-0.000285248,-0.043263203,-0.056837446,0.001282381,-0.009972602,-0.000342207,-0.048147225,0.252668555,0.007496933,0.138189823,0.002896534,0.106981799,0.24161582,0.00835079,0.138302369,0.002803276,0.094962661,0.215154686,0.0085018,0.130599498,0.002641379,0.076053388,0.230465391,0.00845238,0.135367166,0.002722471,0.086645844,0.216316978,0.008511257,0.131003175,0.002650409,0.076802546
GLR_284,-0.030201513,0.001622974,-0.000426011,0.00112532,-0.031398475,-0.026829333,0.001614516,0.001237738,0.001521347,-0.029681588,-0.027303253,0.001613994,0.001025164,0.001452403,-0.029942411,-0.029172526,0.001620238,0.0000836,0.001244961,-0.030876352,0.343458637,0.00355973,0.239948955,0.005324485,0.099949952,0.384268078,0.004929722,0.280344152,0.005914864,0.098994204,0.413869342,0.004879043,0.295303122,0.006423769,0.113687176,0.404510714,0.004890397,0.290991163,0.00630727,0.108629154,0.411145158,0.004905734,0.294338006,0.006173361,0.111901418
GLR_285,0.01430171,0.002941709,0.037826484,0.000442017,-0.026466483,0.026063929,0.002900685,0.043976808,0.000736627,-0.020813564,0.025033257,0.002904279,0.043437882,0.000710811,-0.021308904,0.019188839,0.002924663,0.040381906,0.000564426,-0.02411773,0.19276124,0.002215993,0.12794875,0.000907033,0.062596497,0.191438607,0.004854281,0.147673235,0.001532313,0.03891109,0.208137599,0.004747677,0.15612884,0.001988254,0.047261082,0.204859439,0.004769046,0.154279167,0.001920125,0.045811226,0.201275067,0.004794163,0.152770492,0.001771745,0.043710411
GLR_286,-0.108309896,0.000197002,-0.035571444,-0.000443207,-0.072935455,-0.178121647,0.000553985,-0.057089264,-0.000762143,-0.121586369,-0.157659896,0.000441065,-0.050808676,-0.000670359,-0.107292286,-0.176086537,0.000566656,-0.056388867,-0.000748124,-0.120264326,0.775416951,0.016944982,0.422991172,0.003598543,0.335480796,1.020030042,0.017333241,0.525905087,0.003511593,0.476791715,1.045758871,0.017569033,0.540690482,0.003168437,0.487499356,1.032202691,0.017517347,0.534287365,0.003264947,0.48039798,1.038495312,0.017650572,0.53759602,0.003185919,0.48324872
GLR_287,-0.027408969,0.000157026,-0.010658349,-0.000321332,-0.016907646,-0.062456609,0.00023196,-0.025289354,-0.000728085,-0.037399216,-0.050018346,0.000243351,-0.019794375,-0.000584977,-0.030467322,-0.0584993,0.00023783,-0.023523207,-0.000682628,-0.035213923,0.217356709,0.006167699,0.130849085,0.002221869,0.080339925,0.247200177,0.006230872,0.138638126,0.002151043,0.102331179,0.190086041,0.006193005,0.116764579,0.001689477,0.067128456,0.213320096,0.006245485,0.125931648,0.001855054,0.081142964,0.199243736,0.006231274,0.120638496,0.001753786,0.072373966
GLR_288,-0.16439221,0.001226018,-0.051344911,-0.000687506,-0.114273317,-0.196075672,0.001971086,-0.059999758,-0.000846355,-0.138047,-0.187025529,0.001770449,-0.057373082,-0.000794896,-0.131422896,-0.193170933,0.001930423,-0.059241498,-0.000836542,-0.135859859,0.713321122,0.012762384,0.433276424,0.003230349,0.267282314,0.706202824,0.013800023,0.432672378,0.003034859,0.259730423,0.683854103,0.014230107,0.421450495,0.002928371,0.248173501,0.688215611,0.014136159,0.424243673,0.002959509,0.249835779,0.690392662,0.014251633,0.424398789,0.002952774,0.251742241
GLR_289,-0.120431147,0.000797372,-0.048886678,-0.000777378,-0.072341841,-0.170269771,0.001341048,-0.068684058,-0.001077881,-0.102926761,-0.156721611,0.001288239,-0.063303852,-0.000988299,-0.094705998,-0.170792229,0.001316145,-0.069181708,-0.001085996,-0.102926665,0.396368066,0.010009509,0.230484883,0.001826541,0.155873674,0.377434749,0.01073617,0.218558243,0.001235358,0.148140337,0.302883487,0.011046164,0.187074081,0.000872632,0.104763242,0.323023888,0.011059255,0.194781941,0.000976985,0.117182692,0.301845252,0.011071874,0.186583124,0.000865056,0.104190254
GLR_290,-0.192774429,0.001959678,-0.06151413,-0.002031521,-0.133219977,-0.2579811,0.002364655,-0.082995905,-0.002723807,-0.17734985,-0.241044251,0.002237058,-0.077580082,-0.002545071,-0.165701227,-0.255251268,0.002345686,-0.082161444,-0.002703417,-0.175435511,0.715051741,0.018881127,0.412002122,0.006436464,0.284168492,0.642941009,0.020370575,0.380841177,0.004729371,0.241729258,0.544287288,0.020427545,0.344731894,0.003871922,0.179127849,0.573176824,0.020435454,0.35529308,0.004104146,0.19744829,0.551518046,0.020506904,0.34781714,0.00391821,0.183194001
GLR_291,-0.054227617,0.000162362,-0.022075871,-0.000382419,-0.032314108,-0.081347743,0.000346676,-0.032268169,-0.00058506,-0.049426251,-0.070402379,0.000235753,-0.028361915,-0.000504305,-0.042276216,-0.080650672,0.000271463,-0.032511232,-0.000577025,-0.048410903,0.242611026,0.008263556,0.154263778,0.001113814,0.080083692,0.244043885,0.008281696,0.149449278,0.000802672,0.086312911,0.207052428,0.008336453,0.135205261,0.0005554,0.063510714,0.227636609,0.008290756,0.142926742,0.000661774,0.076419111,0.209927576,0.008306853,0.136217342,0.000571912,0.065403381
GLR_292,-0.014748095,0.0000509,-0.005085173,-0.000130816,-0.009713824,-0.016853894,0.0000878,-0.005566731,-0.000149741,-0.011374987,-0.019394284,0.0000284,-0.006828188,-0.000186919,-0.012594468,-0.023607159,-0.0000585,-0.008767937,-0.000254081,-0.014780724,0.245398141,0.010162148,0.144421214,0.002566186,0.090814779,0.237075716,0.010126481,0.139362897,0.002800508,0.087586338,0.237917264,0.010086654,0.140455858,0.002896781,0.087374752,0.23355701,0.01005153,0.138358202,0.002811241,0.085147278,0.231962143,0.00996568,0.137807786,0.002782745,0.084188677
GLR_293,-0.048806247,0.000466949,-0.017065,-0.000542144,-0.032208195,-0.095321426,0.000677055,-0.034845984,-0.001038404,-0.061152497,-0.084895606,0.000474736,-0.031955158,-0.000915124,-0.053415184,-0.092169639,0.000498758,-0.034814574,-0.000992787,-0.057853824,0.457963064,0.014770221,0.279972255,0.003681474,0.163220588,0.507470005,0.015163843,0.295911793,0.003759814,0.196394369,0.437553797,0.015150762,0.27131386,0.00329377,0.151089175,0.458273285,0.015050179,0.277593351,0.003409058,0.165629756,0.451590691,0.015066351,0.275887947,0.003367685,0.160636392
GLR_294,0.2230621,0.005133774,0.182353989,0.006443525,0.035574337,0.223880644,0.005129784,0.182952281,0.006517897,0.035798579,0.223725077,0.00512704,0.182835979,0.006512583,0.035762058,0.223241321,0.005124358,0.182478657,0.006481323,0.035638305,0.177162435,0.003370703,0.138183032,0.005249451,0.035608699,0.359807471,0.007775719,0.276023388,0.010081032,0.076008364,0.369202475,0.007686431,0.281042921,0.010335488,0.080473123,0.365365438,0.007711143,0.278854827,0.010256158,0.078799468,0.369864087,0.007708685,0.281607348,0.010316365,0.080548055
GLR_295,0.128409892,0.001944411,0.110037486,0.031860249,0.016427995,0.127848667,0.001957158,0.109901364,0.032009545,0.015990145,0.128020118,0.00194637,0.109952903,0.032060436,0.016120844,0.127622801,0.001947404,0.10974137,0.032060035,0.015934027,0.108856191,0.001830765,0.088824211,0.017959147,0.018201215,0.209071711,0.003563272,0.168631836,0.038879713,0.036876602,0.210694019,0.003534906,0.16969057,0.039161331,0.037468543,0.209973857,0.003539009,0.169204835,0.03910856,0.037230013,0.211017264,0.003535946,0.169931781,0.039227777,0.037549537
GLR_296,-0.06586161,0.000613532,-0.032091069,-0.0004863,-0.034384073,-0.079013677,0.00078275,-0.038228738,-0.000590873,-0.04156769,-0.074963316,0.000776595,-0.036246034,-0.000555404,-0.039493878,-0.079118978,0.000760771,-0.038415523,-0.000588331,-0.041464226,0.260021681,0.011451697,0.187309707,0.000866884,0.061260277,0.207298149,0.011723622,0.155759305,0.00040208,0.039815222,0.180383156,0.011711841,0.141746486,0.000271092,0.026924829,0.189105961,0.011770853,0.1462819,0.000316034,0.031053207,0.181096617,0.011748774,0.142263801,0.000277284,0.027084042
GLR_297,-0.028859095,0.000410528,0.007207234,0.0025598,-0.036476856,-0.031852515,0.000575421,0.006587198,0.002545609,-0.039015134,-0.031475989,0.000565776,0.006739947,0.002547015,-0.038781712,-0.031852515,0.000575421,0.006587198,0.002545609,-0.039015134,0.447722857,0.005761624,0.275754975,0.029351036,0.166206258,0.544205234,0.006094869,0.323565962,0.030755419,0.214544403,0.590233251,0.006212114,0.343347174,0.03157483,0.240673963,0.569799376,0.006210032,0.334452813,0.031280388,0.229136531,0.587807343,0.006225216,0.342552899,0.031575882,0.239029228
GLR_298,0.0000452,0.0000205,0.0000428,-0.0000018,-0.0000182,0.0000452,0.0000205,0.0000428,-0.0000018,-0.0000182,0.0000452,0.0000205,0.0000428,-0.0000018,-0.0000182,0.0000452,0.0000205,0.0000428,-0.0000018,-0.0000182,0.008192181,0.000513628,0.006432412,0.0000177,0.001246142,0.007348692,0.00051585,0.00588531,0.0000166,0.000947532,0.007287632,0.000509663,0.005827262,0.0000169,0.000950707,0.007312407,0.000512166,0.005849373,0.0000168,0.000950868,0.007321059,0.000512028,0.00585331,0.000017,0.00095572
GLR_299,0.085829849,0.005395841,0.116900856,0.001374714,-0.036466848,0.085762905,0.005459187,0.117419167,0.001419568,-0.037115448,0.086158201,0.005436977,0.117489435,0.001411449,-0.036768212,0.084041803,0.005465061,0.116284756,0.001382953,-0.037708014,0.735853538,0.009716479,0.462245927,0.004333416,0.263891132,1.006337062,0.014560561,0.646305933,0.007023871,0.345470568,1.088832208,0.014522066,0.683292295,0.007478312,0.391017847,1.057749275,0.014534436,0.669259795,0.007326396,0.373955044,1.084511321,0.01456794,0.681480068,0.007445403,0.388463314
GLR_300,-0.398377299,0.004977065,-0.1463802,-0.002013505,-0.256974165,-0.567879843,0.006341165,-0.212966954,-0.003260367,-0.361254054,-0.501519183,0.005740028,-0.1870099,-0.002781496,-0.320249311,-0.565718881,0.006208106,-0.212404499,-0.003259679,-0.359522489,1.76056262,0.044004689,1.100361204,0.008613563,0.616196727,1.644255215,0.048043701,1.032650675,0.00776023,0.563560839,1.369320294,0.048458807,0.923383371,0.006455489,0.397478116,1.503942384,0.048295777,0.977793424,0.007000415,0.477853182,1.377577359,0.048556213,0.928660601,0.006485518,0.400360545
GLR_301,-0.0998594,-0.020169836,-0.041921752,-0.005219091,-0.037767812,-0.101241458,-0.020992352,-0.041321786,-0.005265037,-0.03892732,-0.101904409,-0.021073626,-0.04181829,-0.005266067,-0.039012493,-0.103102387,-0.02123384,-0.042692846,-0.005268235,-0.039175701,0.475274245,0.08136364,0.294229214,0.006435934,0.099681392,0.417104419,0.073420161,0.263507625,0.00150048,0.080176633,0.427260346,0.07418214,0.267932012,0.001480382,0.085146195,0.421925955,0.073420749,0.266151901,0.001460522,0.082353306,0.426000632,0.07379259,0.267693392,0.001480577,0.084514651
GLR_302,-0.002823385,-0.001027603,-0.00154233,-0.000000109,-0.000253452,-0.002645443,-0.001014971,-0.001393906,0.0000004,-0.000236566,-0.003353026,-0.001285198,-0.001792219,0.00000071,-0.000275608,-0.004579517,-0.001753598,-0.002482639,0.00000125,-0.00034328,0.189868644,0.045131076,0.128876757,0.000204824,0.015860812,0.162929681,0.034931059,0.115038606,0.00017122,0.012960016,0.159721273,0.034060479,0.112808177,0.000169861,0.012852617,0.160460358,0.034264999,0.113328748,0.000172012,0.01286661,0.159168916,0.03396768,0.112404591,0.000174558,0.012796645
GLR_303,-0.002848342,0.000209771,-0.001636493,-0.0000262,-0.001421621,-0.002621624,0.000266586,-0.001447672,-0.0000267,-0.001440538,-0.002621624,0.000266586,-0.001447672,-0.0000267,-0.001440538,-0.002621624,0.000266586,-0.001447672,-0.0000267,-0.001440538,0.096970245,0.006777392,0.065953357,0.000659026,0.024239496,0.109273214,0.006033687,0.071143434,0.000759934,0.032096092,0.117588988,0.005974245,0.075252538,0.000796327,0.036362205,0.114693758,0.00602328,0.073865861,0.00078381,0.034804617,0.117292626,0.006032599,0.075194297,0.000797832,0.03606573
GLR_304,0.002469523,0.001273215,0.001143532,0.0000034,0.0000528,0.002667082,0.001340167,0.001261673,0.00000356,0.0000652,0.002667082,0.001340167,0.001261673,0.00000356,0.0000652,0.002667082,0.001340167,0.001261673,0.00000356,0.0000652,0.127729131,0.041736261,0.076812681,0.000111917,0.009180189,0.112506645,0.033292867,0.071334992,0.0000918,0.007878785,0.110479153,0.032441144,0.070221057,0.0000895,0.007816952,0.111386889,0.032860932,0.070676519,0.0000907,0.007849438,0.111315593,0.032921769,0.070544222,0.0000908,0.007849602
GLR_305,-0.039910108,-0.001164057,-0.01727461,-0.000960144,-0.021471441,-0.036278156,-0.000898099,-0.013272169,-0.000980902,-0.022107887,-0.036238194,-0.00089902,-0.013258684,-0.000980748,-0.02208049,-0.036278156,-0.000898099,-0.013272169,-0.000980902,-0.022107887,0.217761849,0.01186335,0.149505429,0.002422067,0.056393069,0.188628485,0.010608283,0.133600619,0.001871028,0.044419583,0.199304088,0.010810118,0.142234758,0.001934446,0.046259212,0.195784314,0.010828211,0.140027884,0.001897466,0.044928218,0.199499222,0.010828888,0.142439907,0.001938097,0.046230427
GLR_306,-0.014465672,-0.002129773,-0.010144648,-0.0000747,-0.002191251,-0.01445244,-0.001949867,-0.010001659,-0.0000776,-0.002500913,-0.014304812,-0.002006333,-0.009956886,-0.0000755,-0.002341593,-0.014497961,-0.001932456,-0.010015466,-0.0000783,-0.00255004,0.21130286,0.028949783,0.145772972,0.001453611,0.036580105,0.204844768,0.021905523,0.138124147,0.0015263,0.044815098,0.209653331,0.02154458,0.139610435,0.00156394,0.048498315,0.208521446,0.021732539,0.139399183,0.001553526,0.047389723,0.209893608,0.021818938,0.139971573,0.001567695,0.048103097
GLR_307,-0.000990437,-0.0000662,-0.000838929,-0.0000098,-0.0000854,-0.000631722,-0.0000422,-0.000535087,-0.00000625,-0.0000544,-0.000631722,-0.0000422,-0.000535087,-0.00000625,-0.0000544,-0.000631722,-0.0000422,-0.000535087,-0.00000625,-0.0000544,0.029529666,0.001884799,0.024856388,0.000338043,0.002788478,0.027966321,0.001781338,0.023506322,0.000297491,0.002678661,0.028090939,0.001787934,0.023604242,0.000297132,0.002698763,0.028196099,0.001795385,0.023695651,0.000299512,0.002705062,0.02823997,0.001796438,0.023732346,0.000301656,0.002711187
GLR_308,-0.003480759,-0.000108491,-0.001975322,-0.0000279,-0.001396946,-0.00341078,-0.000104001,-0.00191583,-0.0000275,-0.00139095,-0.003547802,-0.000111335,-0.00198931,-0.0000295,-0.001447157,-0.003817279,-0.000129796,-0.002179664,-0.0000331,-0.001507818,0.11890924,0.006918929,0.093102078,0.001065897,0.018888233,0.114866305,0.006676441,0.089744501,0.001031337,0.018445364,0.115677822,0.006623406,0.090083289,0.001040858,0.018971127,0.115307414,0.006641353,0.089921564,0.001038289,0.018744497,0.11572853,0.006626419,0.090180562,0.001047159,0.018921549
GLR_309,-0.556063276,-0.034598333,-0.119678869,-0.256336667,-0.401786074,-0.648797719,-0.058013827,-0.147846887,-0.257393164,-0.442937004,-0.632003116,-0.053939452,-0.142832038,-0.257005959,-0.435231625,-0.649863687,-0.057772896,-0.149328205,-0.257346448,-0.442762586,3.515372416,0.228797357,1.663167083,0.878654693,1.623407976,4.03066046,0.252936831,1.886847111,0.85953382,1.890876517,4.150486562,0.228560031,1.978184332,0.859747885,1.943742199,4.094961832,0.232875353,1.944700964,0.859630689,1.917385514,4.1344823,0.228922002,1.967199292,0.859868325,1.938361006
GLR_310,-0.643713781,-0.043741037,-0.299745341,-0.20714116,-0.300227403,-0.708036134,-0.048087893,-0.327699277,-0.229172244,-0.332248963,-0.674983153,-0.04565557,-0.313213722,-0.218338387,-0.316113861,-0.689277166,-0.046751624,-0.319663469,-0.222786894,-0.322862072,1.447603951,0.115118732,0.854974191,0.309189598,0.477511027,1.249374885,0.088103638,0.75240127,0.224146453,0.408869977,1.193466586,0.082780846,0.718508688,0.198422867,0.392177052,1.24449509,0.086431901,0.743893153,0.213650473,0.414170036,1.238525297,0.085150632,0.739989867,0.209723791,0.413384798
GLR_311,-0.014017798,-0.000604403,-0.009767957,-0.000287236,-0.003645438,-0.013809072,-0.000591985,-0.009588802,-0.000285158,-0.003628285,-0.014119955,-0.000611564,-0.009846754,-0.00029144,-0.003661637,-0.014513073,-0.000636322,-0.010172939,-0.000299383,-0.003703812,0.145004542,0.007450113,0.118792313,0.002090083,0.018762117,0.134382514,0.006721448,0.109607077,0.001741852,0.018053989,0.136459963,0.006676021,0.109795016,0.00173502,0.019988925,0.135732267,0.006682433,0.109700045,0.001738669,0.019349789,0.136356214,0.006662718,0.109873845,0.001743807,0.01981965
GLR_312,-0.203531552,0.029149844,-0.053005312,-0.018845731,-0.179676084,-0.207809192,0.029882575,-0.054160763,-0.019288229,-0.183531004,-0.208623703,0.028546197,-0.055042218,-0.019128916,-0.182127681,-0.213449248,0.02775741,-0.057139811,-0.019372922,-0.184066847,0.827534008,0.051329125,0.448240628,0.04016393,0.327964255,0.716240355,0.068074063,0.405382042,0.030918577,0.24278425,0.737672735,0.067348048,0.408965507,0.031395893,0.26135918,0.729308378,0.066947426,0.407194446,0.031341696,0.255166506,0.732287784,0.066447763,0.407698554,0.031302401,0.258141467
GLR_313,-0.739782567,-0.020360662,-0.303345275,-0.015858203,-0.41607663,-0.790873722,-0.020971756,-0.324575287,-0.01710175,-0.445326679,-0.782568707,-0.020878583,-0.321319731,-0.016904568,-0.440370394,-0.786842255,-0.020902197,-0.323100396,-0.01701356,-0.442839662,1.758041426,0.158316219,1.035751544,0.025382544,0.563973663,1.30403925,0.135684555,0.857009843,0.010930386,0.311344852,1.247682525,0.131415405,0.827271596,0.009381932,0.288995524,1.250013459,0.132604683,0.831561348,0.009634868,0.285847428,1.258956199,0.132839241,0.835011261,0.009565851,0.291105697
GLR_314,-0.205979767,-0.016600981,-0.05563734,-0.002704847,-0.133741446,-0.206943132,-0.016656629,-0.056425741,-0.002727316,-0.133860763,-0.215200639,-0.017130826,-0.062983646,-0.003000425,-0.135086167,-0.230508431,-0.018007855,-0.07496253,-0.003574286,-0.137538045,1.333860507,0.082520154,0.988120654,0.020638639,0.263219699,1.174008113,0.066118872,0.936149447,0.020220461,0.171739793,1.192710936,0.066125325,0.939225847,0.020474536,0.187359764,1.180834208,0.065769973,0.933496973,0.020133149,0.181567262,1.173794697,0.06506845,0.92582222,0.019674146,0.182904028
GLR_315,-0.771172868,0.033837101,-0.316913775,-0.132657494,-0.488096194,-0.799966519,0.034983579,-0.329224226,-0.137636144,-0.505725872,-0.815913137,0.030246289,-0.34448682,-0.13640482,-0.501672607,-0.855396881,0.026301059,-0.372367745,-0.138647377,-0.509330195,2.26340063,0.168025697,1.440301802,0.172991595,0.655073131,1.672773736,0.175366256,1.184740306,0.067969037,0.312667174,1.648806123,0.173331036,1.169499512,0.062517442,0.305975575,1.634792148,0.17096848,1.158183308,0.063506881,0.30564036,1.597542689,0.16803081,1.133339613,0.060689151,0.296172266
GLR_316,-0.005260063,-0.000806615,-0.003827119,-0.000249954,-0.000626329,-0.005260063,-0.000806615,-0.003827119,-0.000249954,-0.000626329,-0.007928369,-0.001628081,-0.005538958,-0.000264553,-0.00076133,-0.010596673,-0.002449546,-0.007250797,-0.000279153,-0.00089633,0.586061043,0.124156503,0.41199182,0.010800086,0.04991272,0.56283836,0.103392363,0.409308202,0.012826966,0.050137795,0.561165364,0.101534418,0.408595266,0.013166276,0.05103568,0.560607828,0.101802484,0.408131835,0.013073368,0.05067351,0.560868315,0.101370554,0.408452183,0.013220283,0.051045578
GLR_317,-2.271437235,-0.260629025,-0.835773737,-0.612659135,-1.175034473,-2.349026606,-0.26982428,-0.86014937,-0.637572505,-1.219052956,-2.340754375,-0.268823002,-0.861838128,-0.632145113,-1.210093245,-2.373511693,-0.272589755,-0.881894113,-0.638147871,-1.219027826,12.23160384,1.485034179,5.608740266,3.009334644,5.137829398,17.28049688,1.940302166,8.167936979,3.823560901,7.172257739,19.82317976,2.143537753,9.562403717,4.155527554,8.117238293,19.24674174,2.129249262,9.207925054,4.090943394,7.909567422,19.57587893,2.151033273,9.3899421,4.138247584,8.034903562
GLR_318,-0.001169209,-0.000110371,-0.0000453,-0.00000355,-0.001013542,-0.001298278,-0.00012564,-0.000053,-0.00000723,-0.001119599,-0.00136437,-0.000160979,-0.0000725,-0.0000194,-0.001130922,-0.001441321,-0.000184629,-0.0000856,-0.0000263,-0.001171059,0.138204159,0.077068798,0.031485731,0.015798581,0.02964963,0.173279774,0.094376952,0.043165941,0.020224882,0.035736881,0.179777343,0.097243121,0.045273159,0.020798264,0.037261063,0.177428725,0.09608029,0.044612496,0.020644739,0.036735939,0.179196621,0.096759766,0.045280124,0.020877962,0.037156731
GLR_319,0,0,0,0,0,0,0,0,0,0,0,0,0,0,0,-0.000863975,-0.000622996,-0.000117832,-0.0000646,-0.000123147,0.101601186,0.070384388,0.01333092,0.007284259,0.017885878,0.146061204,0.105485235,0.01787784,0.009532765,0.022698129,0.154153086,0.110631731,0.018913942,0.00981078,0.024607413,0.151868209,0.109095085,0.018642489,0.009741297,0.024130635,0.152426279,0.109281968,0.018739226,0.009760313,0.024405085
GLR_320,-0.000261196,0.000156197,-0.0000237,-0.00000172,-0.000393708,-0.000551123,0.000472592,-0.0000316,-0.00000285,-0.000992125,-0.000507208,0.00042997,-0.0000297,-0.00000265,-0.000907467,-0.000551123,0.000472592,-0.0000316,-0.00000285,-0.000992125,0.10669748,0.053522906,0.029658995,0.003332424,0.023515579,0.101136361,0.043269232,0.032163306,0.003490233,0.025703823,0.100199875,0.042563331,0.032630227,0.003530563,0.025006317,0.100574413,0.042982089,0.032554758,0.003527632,0.025037566,0.101159838,0.043112559,0.032935913,0.003564184,0.025111367
GLR_321,-0.001277718,-0.000116645,-0.000516682,-0.0000407,-0.000644391,-0.001277718,-0.000116645,-0.000516682,-0.0000407,-0.000644391,-0.001277718,-0.000116645,-0.000516682,-0.0000407,-0.000644391,-0.001277718,-0.000116645,-0.000516682,-0.0000407,-0.000644391,0.369360819,0.034573252,0.326362763,0.092890215,0.008424804,0.397991787,0.047589788,0.340628763,0.094401542,0.009773235,0.404099128,0.049676232,0.343992989,0.094581999,0.010429907,0.403360153,0.049077496,0.344015353,0.094739949,0.010267304,0.408593225,0.049607455,0.348563093,0.09560778,0.010422677
GLR_322,-0.000919611,-0.0000362,-0.000786703,-0.00000104,-0.0000967,-0.00004,-0.00000157,-0.0000342,-4.54E-008,-0.0000042,-0.00004,-0.00000157,-0.0000342,-4.54E-008,-0.0000042,-0.00004,-0.00000157,-0.0000342,-4.54E-008,-0.0000042,0.022231682,0.001575295,0.017537992,0.001613582,0.003118395,0.021951667,0.00154176,0.016839308,0.001687376,0.003570599,0.023393026,0.001572314,0.017945221,0.001697357,0.003875491,0.023184792,0.001573633,0.017810863,0.001700184,0.003800296,0.023492725,0.001574418,0.018033465,0.0017197,0.003884842
GLR_323,-0.015961854,-0.0000577,-0.007328464,-0.000706882,-0.008575671,-0.015222214,-0.000000867,-0.006690007,-0.000700313,-0.00853134,-0.016403667,-0.0000429,-0.007557677,-0.000785319,-0.00880311,-0.024674162,-0.000105971,-0.014951907,-0.001248118,-0.009616284,0.246401337,0.014182255,0.205763505,0.005328698,0.026455577,0.231185425,0.013830999,0.197798384,0.005182919,0.019556042,0.232008517,0.013799661,0.198013614,0.005263966,0.020195242,0.231237875,0.013801236,0.197728513,0.005144905,0.019708126,0.223661102,0.013745283,0.19091391,0.004620864,0.019001908
GLR_324,-0.845932859,-0.131500525,-0.284872746,-0.268460659,-0.429559589,-0.942364952,-0.141925557,-0.315736381,-0.304334951,-0.484703013,-0.903444109,-0.137416147,-0.304466991,-0.289341844,-0.461560971,-0.914491563,-0.138330619,-0.311480326,-0.290951999,-0.464680619,4.328894219,1.110609845,1.492855849,1.134654854,1.725428525,5.579138581,1.231840664,2.179672052,1.28986752,2.167625865,6.135220631,1.239827134,2.533141402,1.369021063,2.362252095,6.03984774,1.242623802,2.460377793,1.36013061,2.336846145,6.130426111,1.246482725,2.512014875,1.375581207,2.371928512
GLR_325,-1.883814014,0.082145124,-0.460492283,-0.264578819,-1.505466855,-2.138998236,0.096931197,-0.522670293,-0.302245669,-1.71325914,-2.051186003,0.091970684,-0.502327645,-0.289439453,-1.640829042,-2.12331946,0.093965475,-0.52122445,-0.29918069,-1.696060485,5.409419488,0.420915424,2.50293076,0.437446224,2.485573305,5.163375737,0.477339658,2.372875564,0.347573952,2.313160516,4.916947556,0.477755323,2.279252916,0.288571764,2.159939317,5.027983161,0.479805828,2.319543346,0.309061987,2.228633988,4.950844812,0.480322865,2.294956436,0.29289671,2.17556551
GLR_326,-0.174103355,-0.007591824,-0.097241623,-0.001054623,-0.069269908,-0.218562809,-0.009416641,-0.116413719,-0.001420865,-0.092732448,-0.19093131,-0.008278625,-0.104325601,-0.001196115,-0.078327083,-0.208637425,-0.009002394,-0.112149312,-0.001338509,-0.087485719,1.034716188,0.050867545,0.665505037,0.005275563,0.318343606,1.197256674,0.047810693,0.691495636,0.005004535,0.457950345,1.264674942,0.045974539,0.719122036,0.004786966,0.499578367,1.269742572,0.047297627,0.721774593,0.004992415,0.500670353,1.277934915,0.046573392,0.725854579,0.004903737,0.505506945
GLR_327,-0.125214921,-0.004878118,-0.086219587,-0.000531852,-0.034117217,-0.148941683,-0.005281573,-0.097896906,-0.000727483,-0.045763204,-0.143614965,-0.005187697,-0.095264963,-0.000683605,-0.043162305,-0.148897126,-0.005280638,-0.097874728,-0.000727109,-0.045741759,0.772838198,0.028964387,0.514147493,0.003929772,0.229726317,0.979618387,0.025847286,0.573572632,0.0040562,0.380198468,1.083209362,0.02549618,0.619580316,0.004012471,0.438132866,1.038797668,0.025563261,0.599805963,0.00399922,0.413428444,1.071551671,0.025541658,0.615001213,0.004024036,0.431008801
GLR_328,-0.251655452,-0.111864959,-0.130969035,-0.001486018,-0.008821458,-0.24845573,-0.109482222,-0.129608472,-0.002672512,-0.009365036,-0.244257854,-0.108264434,-0.127282853,-0.00170888,-0.008710567,-0.248188065,-0.109202176,-0.12962441,-0.002671526,-0.009361479,1.147990073,0.345113797,0.632343468,0.173789731,0.170532808,1.427995411,0.274289383,0.823926316,0.38717922,0.329779712,1.594648404,0.278180752,0.91815287,0.438580892,0.398314782,1.536794117,0.278600718,0.883772656,0.415883392,0.374420743,1.573855076,0.278280495,0.904634845,0.427813843,0.390939736
GLR_329,-0.005960625,-0.000518764,-0.005158225,-0.0000322,-0.000283636,-0.005960625,-0.000518764,-0.005158225,-0.0000322,-0.000283636,-0.005960625,-0.000518764,-0.005158225,-0.0000322,-0.000283636,-0.005960625,-0.000518764,-0.005158225,-0.0000322,-0.000283636,0.010761419,0.001080022,0.008707193,0.000317912,0.000974203,0.006101252,0.000653075,0.004164204,0.000618089,0.001283973,0.006519224,0.000666939,0.004352479,0.000702439,0.001499807,0.006368988,0.000662178,0.004286333,0.000663418,0.001420477,0.006489389,0.000666306,0.004347139,0.000685744,0.001475943
GLR_330,0.0000256,-0.0000186,0.0000632,-0.00000228,-0.000019,0.0000256,-0.0000186,0.0000632,-0.00000228,-0.000019,-0.0000347,-0.00002,0.00000733,-0.00000227,-0.000022,-0.0000709,-0.0000209,-0.0000261,-0.00000226,-0.0000239,0.048259614,0.00376819,0.040538805,0.0000621,0.00395262,0.047876194,0.004208305,0.039837163,0.0000633,0.003830726,0.047652232,0.004269107,0.039534935,0.0000647,0.003848191,0.047766179,0.004246449,0.039673615,0.0000643,0.003846115,0.04792439,0.004268553,0.039790148,0.0000651,0.003865689
GLR_331,-0.002154661,-0.000110827,-0.001473017,-0.0000532,-0.000570818,-0.002154661,-0.000110827,-0.001473017,-0.0000532,-0.000570818,-0.002817433,-0.000148855,-0.00196677,-0.0000679,-0.000701808,-0.003786016,-0.000208174,-0.00273399,-0.0000872,-0.000843852,0.152293054,0.008036392,0.12911525,0.00127313,0.015141412,0.144493691,0.007752082,0.122971656,0.001069711,0.013769954,0.143066579,0.007678063,0.121711992,0.001052271,0.013676524,0.14303429,0.007672511,0.121761742,0.001049824,0.013600037,0.142161189,0.007616984,0.121057782,0.001041193,0.013486423
GLR_332,-0.004000575,-0.000245537,-0.003418441,-0.0000377,-0.000336597,-0.004000575,-0.000245537,-0.003418441,-0.0000377,-0.000336597,-0.004000575,-0.000245537,-0.003418441,-0.0000377,-0.000336597,-0.004000575,-0.000245537,-0.003418441,-0.0000377,-0.000336597,0.027530769,0.001102177,0.023413985,0.000608648,0.003014608,0.024074961,0.0008425,0.020298562,0.00058047,0.0029339,0.024248851,0.000835913,0.020358705,0.00058246,0.003054233,0.024247321,0.000838976,0.020388413,0.00058384,0.003019932,0.02446834,0.000839849,0.020563528,0.00059004,0.003064963
GLR_333,-0.060187311,-0.002627732,-0.033169641,-0.000563132,-0.024389939,-0.055136404,0.000136339,-0.028379889,-0.000559187,-0.026892853,-0.055202054,-0.000294021,-0.028554084,-0.000558031,-0.026353949,-0.056546729,-0.000224541,-0.029140003,-0.000571958,-0.027182184,1.181946026,0.185132426,0.828348299,0.013381018,0.168465301,1.095372921,0.147906684,0.785778667,0.013422998,0.16168757,1.098763984,0.146607379,0.790994227,0.013554102,0.161162378,1.099928684,0.147881337,0.791169343,0.013543407,0.160878005,1.104407541,0.148154949,0.795032336,0.013672311,0.161220256
GLR_334,-0.004630399,-0.00433299,0.000156039,-0.000358268,-0.000453449,-0.004630399,-0.00433299,0.000156039,-0.000358268,-0.000453449,-0.004845128,-0.004335682,-0.0000557,-0.000373022,-0.000453736,-0.004845128,-0.004335682,-0.0000557,-0.000373022,-0.000453736,0.083123491,0.008011594,0.053935242,0.000788203,0.021176655,0.041896499,0.004176491,0.036047855,0.000399836,0.001672154,0.041964388,0.004248339,0.036040432,0.000403238,0.001675617,0.042026363,0.004225237,0.036123843,0.000402479,0.001677283,0.042292388,0.00424867,0.03635989,0.000405354,0.001683828
GLR_335,-4.184230837,-1.520239446,-0.923591686,-1.964030312,-1.740399705,-4.18757327,-1.521029513,-0.924629582,-1.965232521,-1.741914176,-4.232322818,-1.532213597,-0.936346384,-1.993539781,-1.763762838,-4.302217784,-1.54950017,-0.955629152,-2.036139248,-1.797088462,7.760823031,2.675477587,1.862683567,3.770693418,3.222661877,7.239797359,2.466079376,1.603784508,3.635169425,3.169933475,8.242086482,2.796587736,1.971299816,3.938101193,3.474198929,8.050801884,2.770687499,1.877221522,3.88285814,3.402892862,8.10532,2.779054269,1.907630397,3.892979798,3.418635335
GLR_337,-0.0007181,0.00000922,-0.000424972,-0.0000178,-0.000302347,-0.0007181,0.00000922,-0.000424972,-0.0000178,-0.000302347,-0.001066324,-0.0000161,-0.000733964,-0.0000206,-0.000316251,-0.00163482,-0.0000439,-0.001217574,-0.0000408,-0.0003733,0.095733059,0.002330278,0.087608123,0.001886776,0.005794658,0.090842323,0.002351063,0.087127151,0.00205727,0.00136411,0.091120572,0.002346696,0.087397133,0.002077657,0.001376743,0.091062656,0.002326235,0.087376081,0.002075565,0.00136034,0.091653634,0.002302582,0.088046832,0.002071823,0.001304219
GLR_338,-0.02450224,-0.0000968,-0.022425251,-0.000508064,-0.001980174,-0.024632106,-0.000102791,-0.022544076,-0.000510253,-0.001985238,-0.024999419,-0.000117397,-0.022886544,-0.000516211,-0.001995478,-0.027223644,-0.000142637,-0.025024906,-0.00057945,-0.002056101,0.04915471,0.000810471,0.045681693,0.001087663,0.002662546,0.025619947,0.000711162,0.02406323,0.000656575,0.000845555,0.025689629,0.000702639,0.024086044,0.00066376,0.000900946,0.025342206,0.000688952,0.02378338,0.000656493,0.000869873,0.023281897,0.000662372,0.021815096,0.000591007,0.000804429
GLR_339,-0.002168972,-0.0000234,-0.000733053,0.00000416,-0.001412471,-0.001924903,0.000000682,-0.000526507,0.0000063,-0.001399078,-0.001924903,0.000000682,-0.000526507,0.0000063,-0.001399078,-0.010531651,-0.0000894,-0.008971738,-0.000214139,-0.001470471,0.108647188,0.004312448,0.099447611,0.00229269,0.004887129,0.10976836,0.004286508,0.100904169,0.002510151,0.004577683,0.110766293,0.004297818,0.101442345,0.002535084,0.00502613,0.110915284,0.004309096,0.101726382,0.002536662,0.004879807,0.103205626,0.004223207,0.09406125,0.002320429,0.004921169
GLR_340,-0.005541746,0.000118017,-0.000306614,0.0000256,-0.005353148,-0.005541746,0.000118017,-0.000306614,0.0000256,-0.005353148,-0.009163989,0.000104465,-0.003913479,-0.0000867,-0.005354975,-0.023898933,0.0000246,-0.018542564,-0.000536336,-0.005380998,0.248366099,0.005300159,0.224577583,0.009402622,0.018488356,0.256717675,0.005442308,0.232536419,0.010884528,0.018738947,0.260769061,0.005431436,0.234399614,0.011067074,0.020938012,0.256511951,0.005428934,0.230902908,0.010922594,0.020180108,0.244645047,0.005355711,0.218524062,0.010570226,0.020765274
GLR_341,-0.0000343,0.0000441,0.000396445,0.00000885,-0.000474848,-0.0000343,0.0000441,0.000396445,0.00000885,-0.000474848,-0.0000343,0.0000441,0.000396445,0.00000885,-0.000474848,-0.0000343,0.0000441,0.000396445,0.00000885,-0.000474848,0.10564655,0.002211841,0.096829193,0.005145278,0.006605516,0.108176352,0.002246168,0.099657171,0.005940765,0.006273012,0.108983176,0.002241358,0.100208087,0.006038049,0.006533731,0.109116029,0.002247787,0.100418707,0.006027891,0.006449536,0.110580259,0.002255657,0.101763857,0.006110124,0.006560745
GLR_342,-0.200437675,-0.002307489,-0.089658003,-0.003824858,-0.108472183,-0.232134076,-0.001735991,-0.095615338,-0.003914068,-0.134782747,-0.225410591,-0.002009742,-0.094024479,-0.003860063,-0.12937637,-0.230306061,-0.002036998,-0.095304247,-0.003892837,-0.132964816,1.449357684,0.240395769,0.949504988,0.036163028,0.259456927,1.397966764,0.216833594,0.93854481,0.040622881,0.242588361,1.314482904,0.205762248,0.912574419,0.041590437,0.196146238,1.334976179,0.208854672,0.921117254,0.041385994,0.205004253,1.329746768,0.208209676,0.921083444,0.041842447,0.200453648
GLR_343,-0.348650785,0.049904166,-0.141542291,-0.005287101,-0.25701266,-0.361332,0.052843004,-0.145232677,-0.005551648,-0.268942327,-0.371470088,0.050510964,-0.154539574,-0.005825076,-0.267441478,-0.388423778,0.047530861,-0.166798904,-0.00614539,-0.269155735,2.899757546,0.272304989,2.140514073,0.069040181,0.486938484,2.818725086,0.278209613,2.113957125,0.074178374,0.426558348,2.841605107,0.276061105,2.115000639,0.075197565,0.450543363,2.82025285,0.276466607,2.108409764,0.074653471,0.435376479,2.839517469,0.274751644,2.117955561,0.075170578,0.446810263
GLR_344,-0.0221445,0.000520784,-0.012888191,-0.000106139,-0.009777093,-0.022358838,0.000479212,-0.01305666,-0.000108373,-0.00978139,-0.023489474,0.000295117,-0.013938997,-0.000117407,-0.009845593,-0.026495872,-0.000190366,-0.01628356,-0.000141818,-0.010021946,0.276259489,0.021431624,0.227855495,0.004222859,0.026972371,0.287260378,0.019860451,0.23794493,0.004210004,0.029454997,0.295977093,0.019635438,0.241670114,0.004221778,0.034671541,0.292686392,0.019598296,0.24026725,0.004224812,0.032820846,0.293776573,0.019248647,0.240662706,0.004248238,0.03386522
GLR_346,-0.011561212,0.001053402,-0.006328576,0.0000262,-0.006286039,-0.011193979,0.001116964,-0.006044105,0.000028,-0.006266838,-0.011193979,0.001116964,-0.006044105,0.000028,-0.006266838,-0.011242704,0.001127882,-0.006070959,0.0000251,-0.006299627,0.38998129,0.03152141,0.310979409,0.005764517,0.047480471,0.437830898,0.02914905,0.354919149,0.006039233,0.053762699,0.446854755,0.028858359,0.359601174,0.006129552,0.058395222,0.444969947,0.029039315,0.35909498,0.006114236,0.056835651,0.449646875,0.029111705,0.362319079,0.006193013,0.058216091
GLR_348,-0.013994618,-0.002480669,-0.00961251,-0.0000895,-0.001901439,-0.014665244,-0.002591919,-0.010071798,-0.0000916,-0.002001527,-0.01691965,-0.003178326,-0.011658204,-0.00010534,-0.002083119,-0.020749147,-0.004077044,-0.014331847,-0.000129685,-0.002340257,1.370850173,0.182260375,1.065930725,0.05186843,0.122659073,1.649132104,0.162668519,1.318715192,0.054020428,0.167748393,1.697573488,0.16140742,1.349617425,0.054390566,0.186548643,1.684535232,0.161771649,1.342439971,0.054387824,0.180323611,1.69962016,0.161623416,1.352794569,0.054922082,0.185202175
GLR_349,-0.014828055,-0.000235208,-0.008556296,0.0000159,-0.006036552,-0.019158146,-0.000172801,-0.010432896,0.0000363,-0.00855245,-0.018796021,-0.000187915,-0.010344727,0.0000327,-0.008263379,-0.018995161,-0.000174368,-0.010367208,0.0000354,-0.008453585,0.152733598,0.007796074,0.114105396,0.001085858,0.030832128,0.180681598,0.007677995,0.130498343,0.001182593,0.04250526,0.174552928,0.007718863,0.125118574,0.001229564,0.041715491,0.173122098,0.007719481,0.12484855,0.001215672,0.040554066,0.174957806,0.007748668,0.125775604,0.001237555,0.041433534
GLR_351,0.00096179,0.0000682,0.000934491,-0.0000171,-0.0000409,0.00096179,0.0000682,0.000934491,-0.0000171,-0.0000409,0.00096179,0.0000682,0.000934491,-0.0000171,-0.0000409,0.00096179,0.0000682,0.000934491,-0.0000171,-0.0000409,0.018651948,0.000625587,0.013193987,0.000212597,0.004832374,0.013765875,0.000681914,0.010094692,0.000217918,0.002989268,0.013856354,0.000680006,0.010116678,0.000225491,0.003059671,0.013846993,0.00068147,0.010127121,0.000223173,0.003038402,0.013951912,0.000682625,0.010191086,0.000226749,0.003078201
GLR_352,-0.01378403,-0.00062095,-0.00966998,-0.0000316,-0.0034931,-0.012534705,-0.00051837,-0.008596915,-0.0000241,-0.00341942,-0.012534705,-0.00051837,-0.008596915,-0.0000241,-0.00341942,-0.012534705,-0.00051837,-0.008596915,-0.0000241,-0.00341942,0.103687134,0.003842445,0.083088608,0.001625576,0.016756081,0.158795002,0.003314921,0.123759451,0.001654854,0.03172063,0.175520011,0.003425988,0.13144951,0.001668591,0.040644513,0.170486939,0.003429342,0.129533421,0.001671788,0.037524176,0.17429522,0.003440322,0.131333349,0.001690331,0.039521549
GLR_355,0,0,0,0,0,0,0,0,0,0,0,0,0,0,0,0,0,0,0,0,0.110425641,0.008041733,0.090751593,0.000878084,0.011632315,0.112829516,0.008155747,0.091821335,0.000859756,0.012852435,0.112940102,0.008138542,0.091581857,0.000869927,0.013219704,0.113165634,0.008156826,0.091903172,0.000868382,0.013105636,0.113811554,0.008173331,0.092367891,0.000879229,0.013270332
GLR_359,-0.000198285,-0.0000093,-0.000134747,-0.000000357,-0.0000542,-0.0000713,0.000000772,-0.0000257,0.000000389,-0.0000464,-0.0000713,0.000000772,-0.0000257,0.000000389,-0.0000464,-0.0000713,0.000000772,-0.0000257,0.000000389,-0.0000464,0.010950746,0.000549813,0.008115349,0.0000854,0.002285584,0.014352722,0.000549962,0.009676926,0.0000937,0.004125833,0.01592507,0.000560122,0.010290551,0.0000979,0.005074397,0.01543212,0.000560987,0.010132998,0.0000967,0.004738135,0.015806456,0.000562441,0.010288105,0.0000984,0.00495591
GLR_361,-0.671245224,-0.347549975,-0.173159486,-0.199716372,-0.150535763,-0.685435208,-0.356010942,-0.176221688,-0.206569692,-0.153202579,-0.697618516,-0.362314449,-0.180016667,-0.211695854,-0.155287401,-0.737454074,-0.382275734,-0.192104899,-0.226361128,-0.16307344,1.879795815,0.96463164,0.586343981,0.488371529,0.328820194,1.714447331,1.06762437,0.439285408,0.651440832,0.207537553,1.755345017,1.09143485,0.442746777,0.672691162,0.22116339,1.746187206,1.090921683,0.438729226,0.670649443,0.216536297,1.715817764,1.074899343,0.429261556,0.661847812,0.211656865
GLR_365,-0.013839524,-0.001154585,-0.00916039,-0.000664338,-0.003524549,-0.014734045,-0.00123709,-0.009658302,-0.000732243,-0.003838654,-0.017182887,-0.00147778,-0.011137386,-0.000867713,-0.004567721,-0.026195607,-0.002454,-0.017288167,-0.001058886,-0.00645344,0.771393758,0.229698111,0.454689843,0.009036959,0.087005804,0.722876239,0.215039203,0.431851832,0.007641951,0.075985204,0.72018691,0.215155342,0.429365125,0.007865978,0.075666443,0.720074389,0.215191916,0.429563984,0.007704259,0.075318489,0.714013563,0.214660627,0.425024853,0.007580957,0.074328082
GLR_367,-0.443754822,-0.049980315,-0.248881647,-0.07383843,-0.144892861,-0.444487689,-0.05006337,-0.249370854,-0.073872904,-0.145053464,-0.446748748,-0.050315532,-0.250844833,-0.073995412,-0.145588383,-0.451775677,-0.050871209,-0.254079104,-0.074287329,-0.146825363,2.855380759,0.491202668,1.715853405,0.233850311,0.648324685,2.700011057,0.464193212,1.693827467,0.195131464,0.541990378,2.829282861,0.48129852,1.775942784,0.206358842,0.572041558,2.806961882,0.481687956,1.757857717,0.206471854,0.567416209,2.83262232,0.48454982,1.771217607,0.210640077,0.576854893
GLR_370,-0.006476885,-0.000288359,-0.004926926,-0.0000826,-0.001261599,-0.00683245,-0.000310249,-0.005199074,-0.0000857,-0.001323127,-0.007045784,-0.000323383,-0.005362359,-0.0000876,-0.001360042,-0.031199994,-0.000443891,-0.015423609,-0.002699246,-0.015332493,0.70713955,0.026448724,0.392955761,0.049392379,0.287735065,0.703832783,0.026287315,0.392581251,0.049680621,0.284964217,0.704203115,0.026238974,0.392935958,0.049749379,0.285028182,0.705239295,0.026272412,0.393572124,0.049843804,0.285394758,0.691913601,0.026187576,0.385956749,0.047634842,0.279769276
GLR_372,0.0000891,-0.000705556,-0.000289775,0.000188093,0.001084434,0.0000857,-0.000698345,-0.000288499,0.000185885,0.001072556,0.0000823,-0.000691134,-0.000287223,0.000183676,0.001060678,0.0000823,-0.000691134,-0.000287223,0.000183676,0.001060678,0.639059207,0.015356877,0.479279,0.136283617,0.144423331,0.665337735,0.014884472,0.504328051,0.138083913,0.146125213,0.671977085,0.014879908,0.509986158,0.138262183,0.147111019,0.671466082,0.01491521,0.509605867,0.13853597,0.146945006,0.682103579,0.014951592,0.515620103,0.13983168,0.151531883
GLR_373,-0.014885143,0.0000455,-0.00759419,-0.000163253,-0.007336436,-0.00254875,0.0000525,-0.002229183,-0.00016848,-0.000372075,-0.002608528,0.0000409,-0.002274877,-0.000167176,-0.000374599,-0.002659273,0.0000437,-0.002314604,-0.00016974,-0.000388408,0.186839316,0.009240719,0.129099403,0.009919339,0.048499194,0.159951177,0.009370311,0.114319229,0.010029592,0.036261637,0.159028922,0.00934995,0.113748299,0.010088073,0.035930674,0.159156375,0.009361609,0.113879138,0.010091778,0.035915629,0.160701941,0.009382128,0.114591068,0.010194971,0.036728745
GLR_374,-0.042705474,-0.023269165,-0.018708679,-0.020897592,-0.00072763,-0.044025267,-0.023828751,-0.019213588,-0.02137438,-0.000982928,-0.052876976,-0.027673852,-0.022498755,-0.024710682,-0.002704369,-0.068006884,-0.034570346,-0.027757419,-0.030901406,-0.00567912,2.508877156,0.878631755,0.995869454,0.724517813,0.634375947,1.418589248,0.597393243,0.636844151,0.287128239,0.184351854,1.440657159,0.615413511,0.638508123,0.30531618,0.186735525,1.434898458,0.613018193,0.636292907,0.302671194,0.185587358,1.431867898,0.611948578,0.634963291,0.301030848,0.184956028
GLR_378,-0.022909213,0.001480438,-0.022037734,-0.001072724,-0.002351916,-0.022835521,0.00153809,-0.021960498,-0.001085163,-0.002413113,-0.022683498,0.001657023,-0.021801163,-0.001110826,-0.002539358,-0.022859189,0.001519573,-0.021985304,-0.001081168,-0.002393458,0.369669871,0.01054228,0.306707476,0.025552009,0.052420115,0.213183043,0.012198726,0.181647144,0.024702727,0.019337172,0.213022022,0.012235352,0.181525495,0.024709678,0.019261176,0.213639371,0.012386705,0.182142452,0.024720725,0.019110213,0.215132707,0.012271414,0.183381566,0.024991308,0.019479727
GLR_381,-0.8312738,-0.113517193,-0.495194248,-0.118243133,-0.222562359,-0.83531329,-0.114450353,-0.49742708,-0.119062197,-0.223435857,-0.841596976,-0.116803161,-0.4997288,-0.121493285,-0.225065015,-0.86209746,-0.122912351,-0.509275045,-0.127413201,-0.229910063,2.145602279,0.357664598,1.369339948,0.308176519,0.418597732,1.411091617,0.299724539,0.886674132,0.248068969,0.224692947,1.455090351,0.32874179,0.890144562,0.277778425,0.236203998,1.448133133,0.326467048,0.888854342,0.274914526,0.232811743,1.439641391,0.323490458,0.885232797,0.272807335,0.230918136
GLR_389,-3.778918463,-0.220029421,-2.368615624,-0.527497634,-1.190273418,-3.811433231,-0.224033729,-2.383405075,-0.536934456,-1.203994427,-3.801055924,-0.222879384,-2.377996612,-0.534505201,-1.200179928,-3.805897773,-0.223500144,-2.380239285,-0.53587141,-1.202158344,5.334290063,0.432255282,3.511453278,0.620612624,1.390581503,1.797381183,0.231407786,1.293349605,0.144002015,0.272623792,1.77463811,0.230475511,1.28074654,0.127086565,0.263416059,1.79222337,0.233853204,1.291108865,0.13443935,0.267261301,1.7919261,0.234528627,1.291700986,0.132446127,0.265696487
GLR_391,-0.00000215,-0.000000201,-0.00000226,-0.000000021,0.000000307,-0.00000215,-0.000000201,-0.00000226,-0.000000021,0.000000307,-0.00000215,-0.000000201,-0.00000226,-0.000000021,0.000000307,-0.00000215,-0.000000201,-0.00000226,-0.000000021,0.000000307,0.096574204,0.001317991,0.093604396,0.035371325,0.001651817,0.102266163,0.001424448,0.099233331,0.035693597,0.001608385,0.103117185,0.001445288,0.100030728,0.035719107,0.001641169,0.103142179,0.00144172,0.10006909,0.035796604,0.001631369,0.104521873,0.001449239,0.101415922,0.036125058,0.001656712
GLR_392,19.83500929,0.000223783,-0.00264974,-0.0003606,19.83743525,24.17198312,0.000384554,-0.002677293,-0.00037682,24.17427586,24.09044772,0.000309333,-0.003040274,-0.000416483,24.09317866,25.73527751,0.00021902,-0.003808542,-0.000505977,25.73886703,2.487491814,0.246964928,1.075687972,0.117778289,1.164838914,2.558383337,0.243558559,1.131562748,0.138459615,1.18326203,2.566302308,0.244035212,1.140749235,0.141400594,1.181517862,2.567177192,0.244129218,1.141739464,0.140785416,1.181308509,2.583976775,0.244805146,1.155815864,0.142271902,1.183355765
GLR_393,-0.000205999,0.00000935,-0.000206764,-0.000006,-0.00000858,-0.000205999,0.00000935,-0.000206764,-0.000006,-0.00000858,-0.000246374,-0.0000028,-0.00024753,-0.00000427,0.00000395,-0.000320482,0.0000031,-0.000297072,-0.00000693,-0.0000265,0.261058444,0.009912474,0.219093313,0.027338932,0.032052657,0.264674082,0.010101493,0.223396724,0.027477147,0.031175864,0.265740607,0.0100892,0.224369358,0.027487329,0.031282048,0.266135879,0.010098685,0.224727713,0.027550444,0.03130948,0.268894194,0.010128138,0.226809411,0.027792327,0.031956645
