field_name,bd_value_change_s1_2050_nocons_allsp,bd_value_change_s1_2050_nocons_amphibia,bd_value_change_s1_2050_nocons_aves,bd_value_change_s1_2050_nocons_crenvu,bd_value_change_s1_2050_nocons_mammalia,bd_value_change_s2_2050_nocons_allsp,bd_value_change_s2_2050_nocons_amphibia,bd_value_change_s2_2050_nocons_aves,bd_value_change_s2_2050_nocons_crenvu,bd_value_change_s2_2050_nocons_mammalia,bd_value_change_s3_2050_nocons_allsp,bd_value_change_s3_2050_nocons_amphibia,bd_value_change_s3_2050_nocons_aves,bd_value_change_s3_2050_nocons_crenvu,bd_value_change_s3_2050_nocons_mammalia,bd_value_change_s4_2050_nocons_allsp,bd_value_change_s4_2050_nocons_amphibia,bd_value_change_s4_2050_nocons_aves,bd_value_change_s4_2050_nocons_crenvu,bd_value_change_s4_2050_nocons_mammalia,bd_value_imp_bas_nocons_nocons_allsp,bd_value_imp_bas_nocons_amphibia,bd_value_imp_bas_nocons_aves,bd_value_imp_bas_nocons_crenvu,bd_value_imp_bas_nocons_mammalia,bd_value_imp_s1_2050_nocons_allsp,bd_value_imp_s1_2050_nocons_amphibia,bd_value_imp_s1_2050_nocons_aves,bd_value_imp_s1_2050_nocons_crenvu,bd_value_imp_s1_2050_nocons_mammalia,bd_value_imp_s2_2050_nocons_allsp,bd_value_imp_s2_2050_nocons_amphibia,bd_value_imp_s2_2050_nocons_aves,bd_value_imp_s2_2050_nocons_crenvu,bd_value_imp_s2_2050_nocons_mammalia,bd_value_imp_s3_2050_nocons_allsp,bd_value_imp_s3_2050_nocons_amphibia,bd_value_imp_s3_2050_nocons_aves,bd_value_imp_s3_2050_nocons_crenvu,bd_value_imp_s3_2050_nocons_mammalia,bd_value_imp_s4_2050_nocons_allsp,bd_value_imp_s4_2050_nocons_amphibia,bd_value_imp_s4_2050_nocons_aves,bd_value_imp_s4_2050_nocons_crenvu,bd_value_imp_s4_2050_nocons_mammalia
GLR_131,-0.0943274474,-0.0628214073,-0.0106373135,-0.0658391313,-0.0208687266,-0.0976171277,-0.0647501651,-0.0114742398,-0.0675446112,-0.0213927229,-0.1121241072,-0.0753079782,-0.0134180322,-0.0777613594,-0.0233980968,-0.1306490077,-0.0879436574,-0.0165781984,-0.0896904316,-0.0261271519,0.5967620189,0.3117884242,0.1685953203,0.2380980186,0.1163782744,0.7499833992,0.3896962096,0.2210758083,0.2949875695,0.1392113813,0.7524797891,0.3904058543,0.2220379674,0.2956201855,0.1400359675,0.7620365622,0.3827540567,0.2316349797,0.2874249776,0.1476475258,0.7447508957,0.3689060727,0.2292552002,0.2739440988,0.1465896228
GLR_133,-0.1331853212,-0.0005983248,-0.101148156,-0.0003783799,-0.0314388404,-0.1331672707,-0.0005099748,-0.1011157717,-0.0004020876,-0.0315415242,-0.133085227,-0.0001084037,-0.1009685774,-0.0005098446,-0.0320082459,-0.1329729665,0.000441067,-0.1007671712,-0.0006572887,-0.0326468623,0.1951144701,0.0054822675,0.1479937873,0.0017962103,0.0416384153,0.0881611069,0.0047974492,0.0684030693,0.0016673277,0.0149605884,0.0879910036,0.0048946444,0.0682220607,0.0016211944,0.0148742985,0.091921174,0.005286264,0.0712819909,0.0015277756,0.0153529191,0.0911862332,0.0058433238,0.070604665,0.0013387662,0.0147382445
GLR_134,-2.2269752218,-0.6323542283,-0.662943889,-0.7121343588,-0.9316771045,-2.2883020853,-0.6513738323,-0.6791408184,-0.7336191085,-0.9577874346,-2.5708665348,-0.738312624,-0.7547695444,-0.8314603428,-1.0777843663,-2.5736672146,-0.73937021,-0.7558304641,-0.8325884049,-1.0784665404,5.4648977696,1.5870583624,1.7426409648,1.7024193073,2.1351984424,5.4385790675,1.5614746555,1.9339458047,1.4940898713,1.9431586074,5.3972072859,1.5534623698,1.9198569369,1.4782990096,1.9238879792,5.2250462761,1.5058847621,1.8735635252,1.3925068265,1.8455979888,5.2443943493,1.5107090546,1.8809540421,1.3967255213,1.8527312526
GLR_135,-1.5487450248,-0.4652377953,-0.5270689022,-0.4788266481,-0.5564383273,-1.5932736559,-0.4795293812,-0.5416095162,-0.4933454027,-0.5721347586,-1.6791859007,-0.5067612885,-0.5701091973,-0.521102767,-0.6023154149,-1.6789432094,-0.5067358385,-0.5699907201,-0.5210401788,-0.6022166508,3.0337814392,0.9323979832,1.0877605261,0.8996061397,1.0136229299,2.6730587458,0.7678027269,1.056688414,0.6932388019,0.8485676049,2.6189006549,0.7503261804,1.0361986289,0.6777559128,0.8323758456,2.6223698243,0.7275686934,1.0443691673,0.6676503149,0.8504319636,2.6370808808,0.7337046991,1.0483737854,0.6726823949,0.8550023964
GLR_138,-0.3043470876,0.0017163618,-0.242219741,-0.0009104018,-0.0638437084,-0.3043478873,0.0010874687,-0.2424398625,-0.0008267691,-0.0629954936,-0.3066365,0.0014961406,-0.2441447207,-0.0008826132,-0.0639879199,-0.3064633634,0.0020765786,-0.2438023907,-0.0009596894,-0.0647375514,0.4510457145,0.0125868864,0.3568553598,0.0030369104,0.0816034683,0.185773642,0.0140910737,0.1475521074,0.0022361837,0.0241304609,0.1885953248,0.0134926993,0.1497190136,0.0023639509,0.0253836119,0.1859630773,0.013869443,0.1470983925,0.0023092363,0.0249952418,0.1849269766,0.0144696538,0.1461654557,0.0021994568,0.0242918671
GLR_139,-0.914870627,-0.1347240009,-0.4444256294,-0.1515169659,-0.3357209967,-0.9337238514,-0.1384538653,-0.4533670815,-0.155910051,-0.3419029047,-1.020441155,-0.1524058033,-0.4929802031,-0.1724355055,-0.3750551486,-1.0211289396,-0.1528605884,-0.4931154585,-0.1730432533,-0.3751528927,1.7341073734,0.2869400251,0.92706844,0.2575782582,0.5200989083,1.267486644,0.2134582699,0.7089967207,0.1753032878,0.3450316534,1.245803558,0.208905704,0.6979900958,0.1707131103,0.3389077582,1.1166949929,0.1873930535,0.6321575508,0.1491860147,0.2971443886,1.1233987601,0.1887058473,0.6357457911,0.1500330769,0.2989471217
GLR_142,-0.7566439327,-0.0462735065,-0.3751702785,-0.1667449387,-0.3352001477,-0.817586109,-0.0501517656,-0.4055991883,-0.1805682037,-0.361835155,-1.0164007295,-0.0627044673,-0.5043336852,-0.225493421,-0.449362577,-1.0147334021,-0.0626198918,-0.5034944503,-0.2251396294,-0.44861906,1.4346029729,0.0998919907,0.8072068885,0.282730145,0.5275040937,1.1050741064,0.082610707,0.6382616441,0.2018755008,0.3842017553,0.9779129114,0.0757687415,0.5699348395,0.1774217992,0.3322093304,0.5254921284,0.0522236821,0.3276200465,0.0916223753,0.1456483997,0.534045747,0.0527731291,0.3324908857,0.0936806922,0.1487817322
GLR_144,-0.336432833,0.0011561196,-0.2569660327,-0.0054172141,-0.0806229199,-0.3387917472,-0.0003570699,-0.2602064454,-0.0054520275,-0.0782282318,-0.3581269214,-0.0002974641,-0.2730599455,-0.0062806417,-0.0847695118,-0.3581184621,-0.0002359328,-0.2729866186,-0.0062829625,-0.0848959107,0.7086560767,0.0249919806,0.5358729397,0.0101869076,0.1477911563,0.3637953786,0.0257761902,0.2919466181,0.0056690263,0.0460725702,0.366761712,0.0243337736,0.293471358,0.005694863,0.0489565803,0.3147187702,0.024343945,0.2555598454,0.0040800747,0.0348149799,0.3161522335,0.0244525798,0.2566524087,0.00412432,0.035047245
GLR_152,-0.1848666164,-0.0006468227,-0.0856584152,-0.0213607455,-0.0985613785,-0.1890764083,-0.0006408612,-0.0876568296,-0.021915355,-0.1007787174,-0.2636688734,-0.0005499878,-0.1230158176,-0.0317630117,-0.140103068,-0.2633605937,-0.0005823838,-0.1227600592,-0.0317671059,-0.1400181508,0.4915914267,0.0108558117,0.282923936,0.045430501,0.197811679,0.5216304515,0.0101953813,0.3063290616,0.0465195893,0.2051060086,0.5195238412,0.0102166054,0.3044665787,0.0463166167,0.204840657,0.3690613411,0.0102689843,0.2273922798,0.028432604,0.131400077,0.3713535896,0.0102703937,0.2287731796,0.0285135788,0.1323100163
GLR_199,-0.0009404773,-7.67049261882403E-005,-0.0001028914,-1.12506831006176E-005,-0.0007608811,-0.0009708532,-7.30052918621106E-005,-0.0001392587,-1.3395101590196E-005,-0.0007585891,-0.0009058731,-8.39158937381855E-005,-0.0001088596,-1.2188495905145E-005,-0.0007130976,-0.0009058731,-8.39158937381855E-005,-0.0001088596,-1.2188495905145E-005,-0.0007130976,0.0626280189,0.0260151224,0.0197440811,0.0022429933,0.0168688153,0.0673572205,0.0266791173,0.0240957244,0.0023561728,0.0165823789,0.0672074354,0.0266979786,0.0240154523,0.0023566765,0.0164940045,0.0691146639,0.0270736835,0.024990305,0.0024044718,0.0170506754,0.0699226298,0.0273059531,0.0253120819,0.0024248951,0.0173045947
GLR_200,-0.0108905139,-0.0006849512,-0.0011990001,-0.0003127336,-0.0090065626,-0.0115761737,-0.0007292885,-0.0012733209,-0.0003327408,-0.0095735643,-0.0125636677,-0.0007993947,-0.0013863986,-0.0003607923,-0.0103778744,-0.0157488744,-0.0009804003,-0.0017668273,-0.0004449802,-0.0130016469,0.17646411,0.0158649794,0.0211029936,0.0047602063,0.139496137,0.1999298008,0.01617208,0.0236268951,0.0076663339,0.1601308257,0.2003541447,0.0161505555,0.0235595447,0.0076970556,0.1606440444,0.2036885319,0.016371178,0.0242328748,0.0077761583,0.163084479,0.2027917893,0.0163021297,0.0241319568,0.0078109603,0.1623577027
GLR_211,-0.088102995,-0.0246032938,-0.0173269726,-0.0578592821,-0.0461727286,-0.0973589843,-0.0271831103,-0.0191249807,-0.063973399,-0.0510508933,-0.1011549615,-0.028122049,-0.0202771723,-0.0658839553,-0.0527557402,-0.1178886535,-0.0329622451,-0.0240605724,-0.0760741402,-0.060865836,3.6759649073,0.9844745232,0.9242782889,1.9461893609,1.7672120952,5.5070491213,1.4253532244,1.5309094098,2.6710676103,2.550786487,5.551962649,1.4347719017,1.5456740659,2.6865548613,2.5715166814,5.8500503274,1.4896390262,1.647814991,2.7868140293,2.7125963102,5.8617399714,1.4947071681,1.6525409443,2.7896024129,2.714491859
GLR_226,0.0428591207,0.000864985,0.0354111014,0.0058171264,0.0065830343,0.0428591207,0.000864985,0.0354111014,0.0058171264,0.0065830343,0.0428591207,0.000864985,0.0354111014,0.0058171264,0.0065830343,0.0428591207,0.000864985,0.0354111014,0.0058171264,0.0065830343,0.0349959064,0.0005854206,0.0270337079,0.0041357016,0.0073767779,0.0604062171,0.0012539718,0.0462139624,0.0072195565,0.0129382829,0.0603909234,0.0012538692,0.0461966696,0.0072193305,0.0129403847,0.0617952694,0.0012458602,0.0467827204,0.007271587,0.0137666888,0.0624821063,0.0012449852,0.047121177,0.0072950327,0.0141159441
GLR_229,0.0986246716,0.0017141189,0.0740173204,0.0021307604,0.0228932323,0.0986246716,0.0017141189,0.0740173204,0.0021307604,0.0228932323,0.0986246716,0.0017141189,0.0740173204,0.0021307604,0.0228932323,0.0986246716,0.0017141189,0.0740173204,0.0021307604,0.0228932323,0.2434967936,0.004007453,0.1744074269,0.004272039,0.0650819137,0.3097928599,0.0055688262,0.2131204298,0.0054032724,0.0911036039,0.3098222574,0.0055687912,0.213099655,0.0054022278,0.0911538112,0.3210062814,0.0055425133,0.2184018099,0.0055754975,0.0970619582,0.3263175654,0.0055419619,0.2209870196,0.0056475365,0.0997885839
GLR_277,0,0,0,0,0,0,0,0,0,0,0,0,0,0,0,0,0,0,0,0,0.0209872453,0.0004124774,0.0115014684,7.83652796947514E-005,0.0090732996,0.0284885198,0.0004137764,0.0149385666,8.27708533363604E-005,0.0131361768,0.0285841035,0.0004139939,0.0149891037,8.2715247950672E-005,0.0131810059,0.0323185289,0.0004167039,0.0162920041,8.64959074599734E-005,0.0156098209,0.0337609311,0.0004186527,0.0167247431,8.82558832645891E-005,0.0166175354
GLR_278,-0.012916943,7.46752007386288E-006,-0.0044635008,-0.0001211049,-0.0084609098,-0.012916943,7.46752007358149E-006,-0.0044635008,-0.0001211049,-0.0084609098,-0.0138611774,6.7791934262447E-005,-0.0042157583,-0.0001349483,-0.0097132111,-0.0139462567,7.54807816898978E-005,-0.0041724452,-0.000136309,-0.0098492923,0.0702186864,0.0015637648,0.035788464,0.0006537543,0.0328664576,0.0722735765,0.0015399818,0.035297248,0.0005623593,0.0354363467,0.0724583383,0.001540514,0.0353520777,0.0005623528,0.0355657466,0.0790011087,0.0015849115,0.0373395993,0.0005508203,0.0400765979,0.0824982199,0.0015929717,0.0383224308,0.0005548073,0.0425828174
GLR_279,0,0,0,0,0,0,0,0,0,0,0,0,0,0,0,0,0,0,0,0,0.0016669717,4.75562288193211E-005,0.0009701227,1.57221126109599E-005,0.0006492928,0.0021485881,4.84016238723615E-005,0.0011858781,1.81888600590456E-005,0.0009143084,0.0021550931,4.84321664157902E-005,0.0011889333,1.81907650112096E-005,0.0009177277,0.0024474869,4.90157409002216E-005,0.0013101239,1.90625138112693E-005,0.0010883472,0.0025659667,4.93276315412877E-005,0.0013597074,1.93617678410748E-005,0.0011569317
GLR_281,-0.0044355777,-6.73189556129083E-006,-0.001746648,-3.80142138761354E-005,-0.0026821979,-0.0044355777,-6.73189556151026E-006,-0.001746648,-3.80142138761626E-005,-0.0026821979,-0.0103676994,-1.57351023187282E-005,-0.0040826071,-8.88542520973209E-005,-0.0062693572,-0.0128064154,-1.94363520603662E-005,-0.0050429281,-0.0001097548,-0.0077440509,0.1833039265,0.004712876,0.1014328452,0.001396642,0.0771582053,0.2307252085,0.0046478338,0.1161956579,0.0013821333,0.1098817167,0.231322731,0.0046497236,0.1164155952,0.0013816461,0.1102574122,0.2510584916,0.0046325275,0.1229484462,0.0013576097,0.123477518,0.2578718447,0.004637107,0.1254437529,0.0013539652,0.1277909848
GLR_282,-0.0920935459,9.35310597405552E-005,-0.02714066,8.06513519729258E-005,-0.065046417,-0.0921260651,9.49365952070003E-005,-0.0271428825,8.09504588236645E-005,-0.0650781192,-0.0982948078,0.0003524556,-0.0276157902,0.0001346407,-0.0710314733,-0.1000074741,0.0004153727,-0.0277913018,0.0001479469,-0.072631545,0.3893940482,0.0070850114,0.2321224124,0.0017409016,0.1501866244,0.3477210376,0.0070766976,0.2263045407,0.0018680157,0.1143397994,0.3484842466,0.0070804706,0.2267792522,0.0018671361,0.1146245237,0.3602967677,0.007299924,0.2317896051,0.0019464237,0.1212072386,0.3660550738,0.0073642659,0.2341605814,0.0019819776,0.1245302266
GLR_283,-0.0189353228,0.0003845349,-0.0042574864,-7.56265991031258E-005,-0.0150623713,-0.0189688621,0.0003862419,-0.0042535591,-7.57261692721673E-005,-0.0151015449,-0.0209637769,0.0004336975,-0.0045513237,-8.94263451467191E-005,-0.0168461508,-0.0214886775,0.0004309037,-0.004764894,-9.6663205491342E-005,-0.0171546872,0.2506637703,0.0074921063,0.1382624474,0.0029145239,0.1049092166,0.2627591662,0.0077141023,0.1416986495,0.0029748672,0.1133464143,0.2630444231,0.0077178068,0.1417654325,0.0029742375,0.1135611838,0.2804160375,0.0077380765,0.1478811149,0.0030272299,0.124796846,0.2881130982,0.0077474482,0.1508206635,0.0030616502,0.1295449865
GLR_284,0.0132777031,0.0016247972,0.0236952641,0.0033406862,-0.0120423581,0.0132777031,0.0016247972,0.0236952641,0.0033406862,-0.0120423581,0.0069959605,0.0016130154,0.019934458,0.0032059913,-0.0145515129,-0.0025998832,0.0015950178,0.0141895382,0.0030002346,-0.0183844392,0.3428081171,0.003568313,0.2394682032,0.0051862474,0.0997716009,0.3902640733,0.0048084086,0.2781875396,0.0071852304,0.1072681251,0.3908567664,0.0048085306,0.2785869213,0.0071850922,0.1074613145,0.4038208999,0.004779938,0.283899097,0.0072506712,0.1151418649,0.3980486252,0.0047618382,0.2798207637,0.0071443311,0.1134660232
GLR_285,0.0471820234,0.0024524307,0.0503966011,0.0013154616,-0.0056670084,0.0471820234,0.0024524307,0.0503966011,0.0013154616,-0.0056670084,0.043184207,0.0024444939,0.048132897,0.0012923741,-0.007393184,0.040187887,0.0024389902,0.0464411238,0.0012734709,-0.008692227,0.2049319336,0.0026384075,0.138768544,0.000932058,0.0635249821,0.2229162976,0.0046708581,0.1604696291,0.0023393007,0.0577758105,0.2229576028,0.0046704647,0.1604722758,0.0023385621,0.0578148623,0.2249562204,0.0046296206,0.1613046419,0.0024528202,0.0590219579,0.2239002355,0.0046193922,0.1608391697,0.0024876967,0.0584416736
GLR_286,-0.0225761394,1.38922617821952E-005,-0.0082270925,2.6434410460998E-006,-0.0143629392,-0.0241806684,1.42341581365889E-005,-0.0087450682,-6.37673357655655E-006,-0.0154498344,-0.1219957625,0.0003026391,-0.0394626299,-0.0005015273,-0.0828357717,-0.1392778441,0.0003744044,-0.0448230192,-0.000584754,-0.0948292293,0.7745788896,0.0169450938,0.4226415574,0.0036161183,0.3349922384,0.9696377723,0.016857364,0.4999580399,0.0037747474,0.4528223685,0.9702392248,0.0168642171,0.500546016,0.0037627872,0.4528289917,0.9257428564,0.0170748396,0.4894167649,0.0033225926,0.4192512519,0.935004174,0.0171683228,0.4934841343,0.0032758621,0.4243517168
GLR_287,-0.0017332472,0.000078679,-0.0001174933,-2.27786729020314E-005,-0.0016944329,-0.0017332472,0.000078679,-0.0001174933,-2.27786729020383E-005,-0.0016944329,-0.0051420186,0.0001139966,-0.0013097542,-6.36106781953636E-005,-0.003946261,-0.0081012219,0.0001148786,-0.0025844482,-9.80684107158236E-005,-0.0056316524,0.2226359354,0.0060594879,0.1323830978,0.0024596326,0.0841933497,0.2579436508,0.0059962943,0.1409025176,0.0026117672,0.1110448389,0.2583994705,0.0059979575,0.1410428064,0.0026116973,0.1113587065,0.2781965651,0.0060032,0.148943642,0.0026671276,0.1232497231,0.2829874041,0.0060085898,0.1510993567,0.0026716644,0.1258794576
GLR_288,-0.0735396499,0.0001697702,-0.0199223158,-2.29992922013436E-005,-0.0537871042,-0.0750218782,0.0002019791,-0.0203369409,-3.19291241033081E-005,-0.0548869163,-0.1245655467,0.0007950705,-0.0363591136,-0.00036955,-0.0890015036,-0.1559488117,0.0011213355,-0.0467294504,-0.0005874159,-0.1103406968,0.7110094104,0.0127696392,0.4309258293,0.0032497285,0.2673139419,0.7589579674,0.0128118499,0.4452778118,0.0034894226,0.3008683057,0.7581646378,0.0128415313,0.44518864,0.0034761835,0.3001344665,0.7419285357,0.0132990875,0.4423213967,0.0032865267,0.2863080515,0.7030659044,0.013525386,0.4286616447,0.0030851275,0.2608788737
GLR_289,-0.0640618091,0.0005846903,-0.0259571781,-0.0004060304,-0.0386893213,-0.0656019927,0.0005909724,-0.026584402,-0.0004160735,-0.0396085631,-0.1063728939,0.000770187,-0.0429703751,-0.0006909871,-0.0641727058,-0.1291659506,0.0008614221,-0.0522787134,-0.0008463223,-0.0777486593,0.3939462358,0.0100164169,0.2287442341,0.0018275476,0.1551855848,0.4009928524,0.0104403009,0.2249737239,0.0015186145,0.1655788276,0.399811566,0.010448473,0.224573596,0.0015066925,0.164789497,0.3763650866,0.0105505396,0.2154661245,0.0012753063,0.1503484224,0.3491825701,0.0106139716,0.2048650507,0.0011158423,0.1337035477
GLR_290,-0.0909739004,0.0005610859,-0.0327452941,-0.00088479,-0.0587896922,-0.0915141066,0.0005706904,-0.0328959897,-0.0008932754,-0.0591888074,-0.1257935245,0.0017641913,-0.0375613063,-0.0013367975,-0.0899964095,-0.1384421519,0.0018058055,-0.0419933788,-0.0014756641,-0.0982545786,0.7185347248,0.0187759353,0.4125561622,0.0066805233,0.2872026273,0.7366029713,0.0189110561,0.4073309855,0.0061873471,0.3103609297,0.7372791874,0.0189244484,0.4075683853,0.0061769777,0.3107863536,0.7346448555,0.0198213169,0.4095738555,0.0057529684,0.3052496832,0.7376830893,0.0198541314,0.4103797951,0.0056655991,0.3074491628
GLR_291,-0.0114685947,3.14052275853025E-005,-0.0050310086,-7.1872618761753E-005,-0.0064689913,-0.0120909157,3.26176789402606E-005,-0.00527701,-7.66286459433469E-005,-0.0068465233,-0.0304331828,0.000164831,-0.0123254786,-0.0002067365,-0.0182725352,-0.0485229686,0.0001469816,-0.0197915533,-0.0003446716,-0.0288783969,0.2461792879,0.0082135124,0.1553824134,0.0011938252,0.0825833621,0.2780873956,0.0080554762,0.1617043125,0.0011750643,0.108327607,0.2778244835,0.008058522,0.1616220438,0.001169327,0.1081439177,0.2752420056,0.0081162612,0.159886373,0.0010693335,0.1072393714,0.2526570526,0.0080841336,0.1512294656,0.0009279485,0.0933434534
GLR_292,-0.0092536361,-8.79236164268828E-005,-0.004091,-9.55086525108133E-005,-0.0050747125,-0.0100047661,-0.0001052787,-0.0044697458,-0.0001071717,-0.0054297416,-0.0138917701,-0.000117694,-0.0059327418,-0.0001534903,-0.0078413343,-0.0208834579,-0.0001465367,-0.0085699407,-0.0002424921,-0.0121669805,0.2418578015,0.0100515781,0.144258645,0.0026346263,0.0875475785,0.2327944225,0.0096809538,0.1363903836,0.0026813388,0.0867230852,0.2320568376,0.0096643961,0.1359469108,0.0026687376,0.0864455307,0.2335118212,0.0096215274,0.1366865733,0.0027443359,0.0872037206,0.2258802193,0.0095801361,0.1342571799,0.0026956277,0.0820429033
GLR_293,-0.011705666,6.20503764448357E-005,-0.0045484909,-0.0001243556,-0.0072192254,-0.0119411575,6.61302859932125E-005,-0.004614093,-0.0001279631,-0.0073931948,-0.0280562453,0.0002938446,-0.0097004601,-0.000321474,-0.0186496298,-0.034781855,0.000363521,-0.0120170461,-0.0003993543,-0.0231283299,0.4600375309,0.0145923391,0.2805962938,0.0039088891,0.1648488979,0.5127190997,0.0143816892,0.2927091665,0.0041813812,0.205628244,0.5131678726,0.0143886626,0.2928708195,0.0041783749,0.2059083904,0.5245811076,0.0145470381,0.2982735634,0.0041554131,0.2117605061,0.5260882247,0.0146124284,0.2996926623,0.0041346733,0.211783134
GLR_294,0.2982224354,0.0057284149,0.2391261124,0.0110715753,0.0533679081,0.2981902889,0.0057274004,0.2391019945,0.0110715969,0.053360894,0.2977409663,0.0057256918,0.2387724045,0.0110404691,0.05324287,0.2976123791,0.0057216338,0.2386759319,0.0110405554,0.0532148134,0.1651754718,0.0030259856,0.127809756,0.0050648796,0.0343397302,0.3703087459,0.0077554519,0.2818976167,0.012672642,0.0806556772,0.3702120235,0.0077538807,0.2817946433,0.0126712919,0.0806634995,0.3800484809,0.0076957604,0.2870677383,0.0129108173,0.0852849822,0.38523192,0.0076849032,0.2902115915,0.0130220335,0.0873354252
GLR_295,0.1447760911,0.0019753511,0.1226152732,0.0374434972,0.0201854669,0.1447180362,0.001976295,0.122589607,0.0374433955,0.0201521342,0.1426969283,0.0019948078,0.121491653,0.037248578,0.0192104675,0.1425173338,0.0019922738,0.121376449,0.0372485625,0.019148611,0.1110912068,0.0019252279,0.0905099149,0.0172001907,0.018656064,0.2092036778,0.0036459381,0.1680052913,0.0389536731,0.0375524483,0.2090774329,0.003646323,0.1679394716,0.038952963,0.0374916383,0.20938315,0.003628877,0.1680002163,0.038972771,0.0377540567,0.2110899538,0.0036214349,0.1690489051,0.0390503824,0.0384196139
GLR_296,-0.0432927187,0.0004329837,-0.0208777053,-0.0003263079,-0.0228479972,-0.0443408089,0.000443121,-0.0213801868,-0.0003344298,-0.0234037431,-0.0687698029,0.0007034429,-0.0330760401,-0.000519912,-0.0363972056,-0.0760044892,0.0007719931,-0.0366020187,-0.0005729044,-0.0401744637,0.2594001987,0.0114541813,0.1867229119,0.0008714106,0.0612231055,0.2306658926,0.0114978925,0.1672356265,0.0005581143,0.0519323736,0.2293224222,0.0115085002,0.1666155177,0.0005489573,0.0511984042,0.193010732,0.0115971461,0.1480841386,0.0003521159,0.0333294474,0.1798388159,0.0116358144,0.1414615969,0.0002917515,0.0267414046
GLR_297,0.0009312157,0.0009959284,0.0299504281,0.0046282052,-0.0300151409,0.0009076303,0.0009965461,0.029940994,0.0046281149,-0.0300299098,0.0004871673,0.0010075564,0.0297728104,0.0046265048,-0.0302931995,-0.0009141768,0.0010442524,0.029212278,0.0046211384,-0.0311707071,0.4370379468,0.005408613,0.2661765722,0.0284448137,0.1654527615,0.4912001052,0.0062254493,0.2998136179,0.0288365701,0.1851610381,0.4919022679,0.0062267187,0.3001217534,0.0288485512,0.1855537959,0.5321949129,0.0062287013,0.3177413871,0.0297262899,0.2082248245,0.5472750848,0.0062614539,0.3243879788,0.0300256093,0.2166256522
GLR_298,4.7317707775902E-005,2.05184547988612E-005,4.50082488335739E-005,-1.8155954823851E-006,-0.000018209,4.7317707775902E-005,2.05184547988612E-005,4.50082488335739E-005,-1.8155954823851E-006,-0.000018209,4.7317707775902E-005,2.05184547988612E-005,4.50082488335739E-005,-1.8155954823851E-006,-0.000018209,4.7317707775902E-005,2.05184547988612E-005,4.50082488335739E-005,-1.8155954823851E-006,-0.000018209,0.0080127497,0.0005155649,0.0063495024,1.53437494976104E-005,0.0011476824,0.0070931227,0.0005136279,0.0057531463,1.30297076486512E-005,0.0008263485,0.0070953237,0.0005137049,0.005754934,1.30297904537686E-005,0.0008266848,0.0070104246,0.0005082221,0.0056749336,0.000013248,0.0008272689,0.0070032484,0.0005077594,0.0056657262,0.000013398,0.0008297628
GLR_299,0.1407992011,0.0049540933,0.1485727694,0.0024717497,-0.0127276615,0.1407890177,0.0049543621,0.1485681935,0.0024717132,-0.0127335378,0.1324505211,0.0050395737,0.144517855,0.0024211107,-0.0171069076,0.1285894209,0.005062371,0.142577401,0.0023923463,-0.0190503511,0.7429910682,0.0100706355,0.467838881,0.004369875,0.2650815517,0.9422941103,0.0142391012,0.6125843808,0.0075022704,0.3154706283,0.9433624145,0.0142399014,0.6130244737,0.0075011455,0.3160980394,0.9959733426,0.0142459594,0.6369510051,0.0079149399,0.3447763781,1.0216318712,0.0142623092,0.6501800958,0.0080657293,0.3571894662
GLR_300,-0.1953383228,0.0017603549,-0.0689182603,-0.0006817712,-0.1281804174,-0.201594119,0.0018286546,-0.0713155292,-0.0007261153,-0.1321072444,-0.3894633855,0.004222628,-0.1424829165,-0.0020164858,-0.2512030969,-0.4569927182,0.0049532407,-0.1683767097,-0.0024959687,-0.2935692493,1.7482264767,0.0440242947,1.0909671861,0.0086153034,0.6132349959,1.7784300741,0.0449694743,1.0690860683,0.0085035653,0.6643745314,1.7723783677,0.0450348382,1.0670430561,0.0084486494,0.6603004733,1.5770553683,0.0466840785,0.9935764518,0.0073908703,0.5367948379,1.4835936379,0.0471916999,0.9582327862,0.0069536867,0.4781691518
GLR_301,-0.0337321867,-0.0066975316,-0.0139957441,-0.0014504391,-0.013038911,-0.0335696169,-0.0066381387,-0.0139820134,-0.0014491997,-0.0129494648,-0.064771462,-0.0128111588,-0.0265983827,-0.002893966,-0.0253619205,-0.069266082,-0.0132776953,-0.0291540171,-0.0032599956,-0.0268343696,0.4645145757,0.0723182742,0.2942421614,0.0064551917,0.0979541401,0.4830921507,0.0695876808,0.3042321395,0.0063297803,0.1092723303,0.4842645069,0.0696476429,0.3049322053,0.006331237,0.1096846586,0.4524260464,0.0665386346,0.2874013974,0.0049255381,0.0984860144,0.4502813418,0.0664249381,0.2850167375,0.0045014658,0.0988396662
GLR_302,-0.0023603634,-0.0008767664,-0.0012595968,3.42053240077619E-007,-0.0002240002,-0.0025911551,-0.0009619596,-0.0013921467,0.00000045,-0.0002370488,-0.0032835238,-0.0012175369,-0.0017897924,7.73722799247132E-007,-0.0002761944,-0.0044836454,-0.0016605434,-0.0024790543,1.33489937144503E-006,-0.0003440477,0.1874995062,0.0429877779,0.1286448927,0.000204866,0.0158668356,0.1631632515,0.0344873691,0.1158034015,0.0001706401,0.0128724809,0.1629766796,0.0344154166,0.1156965128,0.0001708862,0.0128647501,0.158634123,0.0332150041,0.1127063078,0.0001699667,0.0127128111,0.1570326062,0.0328152878,0.1115830137,0.0001719806,0.0126343046
GLR_303,-0.0016790862,0.0003640886,-0.0007417189,-2.45064593581888E-005,-0.0013014559,-0.0016790862,0.0003640886,-0.0007417189,-2.45064593581765E-005,-0.0013014559,-0.0017305403,0.0003752457,-0.0007644482,-2.52574380097396E-005,-0.0013413379,-0.0017819978,0.0003864036,-0.000787179,-2.60084659280859E-005,-0.0013812224,0.0975241074,0.0062113392,0.0663897628,0.0007249972,0.0249230054,0.1011592691,0.005790498,0.0667567008,0.0007711188,0.0286120703,0.101277835,0.0057906026,0.0668154155,0.0007711523,0.0286718169,0.1067473774,0.0056918339,0.0696142639,0.0008092841,0.0314412796,0.1088381809,0.0056972204,0.0707300301,0.0008232613,0.0324109304
GLR_304,-0.0005065597,0.0008827226,-0.0005687485,-5.44929779850779E-006,-0.0008205338,-0.0005065597,0.0008827226,-0.0005687485,-5.44929779856466E-006,-0.0008205338,0.0025874533,0.0012634057,0.0012585313,3.55637648269299E-006,6.55162140392151E-005,0.0025874533,0.0012634057,0.0012585313,3.55637648264428E-006,6.5516214035465E-005,0.1253624155,0.039561599,0.0766164525,0.000111904,0.0091843641,0.1126061553,0.0325187701,0.0716923068,9.59254828825965E-005,0.0083950784,0.1126295531,0.0325135679,0.0717146357,9.59444126957511E-005,0.0084013494,0.109441892,0.0317610506,0.0699308489,9.08493210033852E-005,0.0077499925,0.1091486553,0.0316996859,0.0697044596,9.08244958731122E-005,0.0077445098
GLR_305,-0.0302375321,-0.0006956668,-0.0100892577,-0.0009052824,-0.0194526076,-0.0302375321,-0.0006956668,-0.0100892577,-0.0009052824,-0.0194526076,-0.0314585191,-0.0006774567,-0.0105193566,-0.0009199122,-0.0202617058,-0.0323321382,-0.0006679337,-0.0108359558,-0.0009337515,-0.0208282487,0.2132038116,0.0115104416,0.1463630007,0.0023683522,0.0553303694,0.1790240106,0.0105545627,0.1281738279,0.0016792951,0.04029562,0.1791064844,0.0105548764,0.1282151385,0.0016794169,0.0403364695,0.1838303112,0.0105337427,0.1312413084,0.0017645021,0.0420552601,0.1852364477,0.010536664,0.1325072279,0.0017822965,0.0421925558
GLR_306,-0.001064974,0.0003735009,-0.0003177211,-1.47452786079213E-005,-0.0011207538,-0.001064974,0.0003735009,-0.0003177211,-1.47452786078506E-005,-0.0011207538,-0.0013053538,0.0004578054,-0.0003894353,-1.80734978557461E-005,-0.0013737239,-0.0014639515,0.0005134278,-0.0004367509,-2.02693905314904E-005,-0.0015406285,0.2029735848,0.0310433938,0.1448979573,0.0011383057,0.0270322337,0.2001497552,0.0261706913,0.1424694816,0.0011316152,0.0315095822,0.2002987208,0.0261681277,0.1425548337,0.0011337263,0.0315757595,0.2023831865,0.0255271103,0.1429839114,0.0011445924,0.0338721648,0.2033563635,0.0255278643,0.1433665718,0.0011487133,0.0344619274
GLR_307,-2.51012532343017E-014,-1.6815683770259E-015,-2.12489674904205E-014,-2.45752033119797E-016,-2.1707173668553E-015,-2.51012532343017E-014,-1.6815683770259E-015,-2.12489674904205E-014,-2.45752033119797E-016,-2.1707173668553E-015,0,0,0,0,0,0,0,0,0,0,0.0294160987,0.0018839317,0.024763246,0.0003342406,0.002768921,0.0284341084,0.0018271731,0.0239055052,0.0003031843,0.0027014301,0.0284464951,0.0018276039,0.0239168595,0.0003036737,0.0027020318,0.028257125,0.0018139376,0.0237491845,0.0003012581,0.0026940029,0.0282782766,0.0018137636,0.0237667287,0.0003031034,0.0026977843
GLR_308,-0.0021926584,-2.74933663136313E-005,-0.0008957871,-2.08549062580635E-005,-0.0012693779,-0.0021926584,-2.74933663108474E-005,-0.0008957871,-2.08549062578195E-005,-0.0012693779,-0.0023263349,-3.48205836593995E-005,-0.0009688652,-2.28494018335693E-005,-0.0013226491,-0.0025926066,-5.33113155326542E-005,-0.001158211,-0.000026413,-0.0013810843,0.1190748086,0.0069465352,0.0931236943,0.0010769066,0.0190045791,0.1131282427,0.0067124857,0.0885372659,0.0010230849,0.0178784911,0.1131600262,0.0067138856,0.08856155,0.0010240084,0.0178845906,0.1135011596,0.006661018,0.0885937396,0.0010343882,0.018246402,0.1138007453,0.0066421388,0.0887582976,0.0010430212,0.0184003089
GLR_309,-0.4521453242,-0.0209414277,-0.0597359384,-0.2533681884,-0.3714679581,-0.4529649181,-0.0211590446,-0.0599894543,-0.2533681474,-0.3718164192,-0.4700311988,-0.0251886472,-0.0660571124,-0.2534763353,-0.3787854392,-0.4785452657,-0.0269001423,-0.0694829956,-0.2535891093,-0.3821621277,3.5486757301,0.2308688551,1.6780914511,0.8815067593,1.6397154239,3.8425215954,0.2611313982,1.7881483997,0.8556495139,1.7932417975,3.8470370624,0.2608178859,1.7918681675,0.8556570681,1.794351009,3.9904757659,0.2620892596,1.8657897798,0.8568477564,1.8625967265,4.0377240458,0.2608746165,1.8880667794,0.8572600249,1.8887826498
GLR_310,-0.4216833092,-0.028328997,-0.1919378109,-0.1387606545,-0.2014165013,-0.4249802464,-0.0285212939,-0.1935031977,-0.139864572,-0.2029557548,-0.5351081537,-0.0354356009,-0.2446928491,-0.1764267961,-0.2549797037,-0.5555043215,-0.0365059233,-0.2549238392,-0.1831277153,-0.264074559,1.4466439182,0.1139015228,0.8531587917,0.3096425486,0.4795836038,1.4728295672,0.101150409,0.8616421198,0.296629685,0.5100370384,1.470530901,0.1010495818,0.8605828719,0.2956555084,0.5088984473,1.4036603834,0.0951046498,0.8217230593,0.2683801763,0.4868326743,1.4012167586,0.0944282113,0.816843147,0.2642179666,0.4899454003
GLR_311,-0.0052962529,-8.12067051545518E-005,-0.0023093421,-0.0001931104,-0.0029057042,-0.00532744,-8.31897714033998E-005,-0.0023351774,-0.0001937341,-0.0029090728,-0.0056361325,-0.0001028184,-0.0025908983,-0.0001999081,-0.0029424158,-0.0060264795,-0.0001276391,-0.0029142619,-0.0002077152,-0.0029845785,0.1460043536,0.0074075897,0.1182407805,0.0022284308,0.0203559833,0.139973167,0.0071154947,0.1140671687,0.00198742,0.0187905035,0.1400395362,0.0071152818,0.114111765,0.001990157,0.0188124894,0.1405966623,0.0070476025,0.113859287,0.0019936203,0.0196897728,0.1410137404,0.007023756,0.1139674573,0.0020017505,0.020022527
GLR_312,-0.1857282888,0.0289489538,-0.0431261025,-0.0178492339,-0.1715511401,-0.1859625547,0.0289438139,-0.0432195556,-0.0178677412,-0.1716868131,-0.198785313,0.0297033222,-0.0476951381,-0.0190367988,-0.180793497,-0.2027615075,0.0288181045,-0.0495729557,-0.0191982378,-0.1820066563,0.8358056953,0.0716142228,0.4526345404,0.0375262196,0.3115569321,0.6978865497,0.0854756264,0.4061552985,0.0268856634,0.2062556248,0.6979145143,0.0854891489,0.4060422558,0.0268859693,0.2063831097,0.6994084484,0.08406698,0.4037544782,0.0264181248,0.2115869903,0.7043148372,0.0832950003,0.4045176869,0.0266354345,0.21650215
GLR_313,-0.525257648,-0.0187886494,-0.2145538761,-0.0111167793,-0.2919151225,-0.5303127932,-0.0190334325,-0.2166465537,-0.0112128252,-0.294632807,-0.7124479768,-0.0236472237,-0.2918406945,-0.015437021,-0.3969600586,-0.7403845743,-0.0230525929,-0.3037732096,-0.0163340376,-0.4135587718,1.7615381024,0.1574048437,1.0377757055,0.0261385002,0.5663575532,1.6014606624,0.1450576005,0.9877754877,0.0174118137,0.4686275741,1.5962248985,0.1446978744,0.9857821136,0.0173157101,0.4657449105,1.3265035385,0.1311111828,0.8614830656,0.0124239358,0.3339092901,1.2858894587,0.1311618263,0.8429705017,0.0113678068,0.3117571307
GLR_314,-0.2062755242,-0.0165351296,-0.0554835473,-0.0027825173,-0.1342568474,-0.2073546803,-0.0165970486,-0.0563730942,-0.0028059842,-0.1343845374,-0.2155883277,-0.0170629777,-0.0629158829,-0.0030823355,-0.135609467,-0.2308565913,-0.0179223536,-0.0748745618,-0.0036641679,-0.1380596758,1.3334372189,0.0817949072,0.9861990783,0.0214328273,0.2654432334,1.1374848338,0.0643761783,0.9143915821,0.0204427838,0.1587170735,1.1373175765,0.0643665539,0.9141810751,0.0204488752,0.1587699475,1.1378671685,0.0638308889,0.9092391112,0.0207393753,0.1647971684,1.1288747444,0.0630528173,0.9007847248,0.0203365123,0.1650372023
GLR_315,-0.748402547,0.0316766662,-0.3017547282,-0.1283200185,-0.4783244849,-0.7524541089,0.031141318,-0.3049938032,-0.1284042325,-0.4786016237,-0.8123925041,0.0292625671,-0.3365053317,-0.1356510664,-0.5051497395,-0.8538607189,0.0256219434,-0.3650512113,-0.1383020899,-0.514431451,2.266898302,0.1671600686,1.4411608579,0.1713567134,0.6585773755,1.6307826943,0.1749491692,1.1662678688,0.0627164127,0.2895656564,1.6288322022,0.1746124639,1.1642257201,0.0628048111,0.2899940182,1.5695030781,0.1696674231,1.1312911522,0.056180353,0.2685445028,1.5293873219,0.1664876114,1.1053440051,0.0530002916,0.2575557054
GLR_316,-0.0092915491,-0.0012280867,-0.006252467,-0.0001941161,-0.0018109955,-0.0092915491,-0.0012280867,-0.006252467,-0.0001941161,-0.0018109955,-0.0078386506,-0.0015532345,-0.0055220783,-0.0002721836,-0.0007633378,-0.0104511859,-0.002332896,-0.0072210726,-0.0002865328,-0.0008972172,0.5807094472,0.1194279271,0.4114436612,0.010967648,0.0498378588,0.5576154007,0.1016217233,0.4053834263,0.0124381739,0.0506102511,0.5579977324,0.1016756118,0.4056957743,0.0124544461,0.0506263463,0.5459877755,0.0986198465,0.3983817049,0.0129776777,0.0489862241,0.5459487321,0.0979227839,0.3986364684,0.0131849644,0.0493894799
GLR_317,-2.037255667,-0.2295102115,-0.7077646888,-0.5722810446,-1.0999807667,-2.0360876561,-0.2293728546,-0.7082882744,-0.5713257911,-1.0984265272,-2.1867908216,-0.2473076734,-0.7605466934,-0.6163909245,-1.1789364548,-2.2242108989,-0.2515448763,-0.7814879754,-0.6243227962,-1.1911780472,12.3579588449,1.4940906069,5.6535637375,3.0463215841,5.2103045005,15.1888283089,1.73010779,7.2134537974,3.4359623371,6.2452667215,15.2768942235,1.737300656,7.2606759403,3.4490101549,6.2789176272,15.9428353073,1.7747754473,7.5754577553,3.5396908217,6.5926021047,16.0446441819,1.7851488595,7.6096300692,3.5542284469,6.6498652533
GLR_318,-0.000613493,-5.3640277896711E-005,-2.32757163428379E-005,-4.04663755154301E-006,-0.000536577,-0.0007371876,-7.19461932877083E-005,-3.25497038443131E-005,-8.02983747934487E-006,-0.0006326917,-0.0011091902,-0.0001296882,-6.07261059015798E-005,-2.03856893086966E-005,-0.0009187759,-0.0012375124,-0.0001565002,-7.54025982781768E-005,-2.73747273220163E-005,-0.0010056096,0.1383175728,0.0765964961,0.0320531299,0.0163328144,0.0296679468,0.1605222418,0.0864440221,0.0402696241,0.0198209869,0.0338085956,0.1605557868,0.086567756,0.0403204549,0.0198449396,0.0336675759,0.1679222921,0.090266404,0.0428077681,0.0209541905,0.03484812,0.1698126873,0.090998164,0.0435781722,0.0213130155,0.0352363512
GLR_319,0,0,0,0,0,0,0,0,0,0,0,0,0,0,0,-0.0008693913,-0.0006250188,-0.0001215536,-6.67471986379918E-005,-0.000122819,0.1021049904,0.0704989565,0.0137147595,0.0075044734,0.0178912744,0.1328476572,0.0947209833,0.0174148097,0.0093031654,0.0207118643,0.13301365,0.0948355062,0.0174264547,0.0093142564,0.0207516891,0.1407869139,0.1006087317,0.0183606755,0.0098238509,0.0218175067,0.1415536873,0.1010584723,0.0184738226,0.0098927433,0.0220213924
GLR_320,-0.0001823025,0.000156246,-7.52315617603062E-006,-8.58147465688547E-007,-0.0003310254,-0.0001823025,0.000156246,-7.52315617603062E-006,-8.58147465688547E-007,-0.0003310254,-0.0002735896,0.0002344855,-1.12903404578344E-005,-1.28786068354671E-006,-0.0004967847,-0.0004038795,0.000346153,-1.66670699709467E-005,-1.90117066921511E-006,-0.0007333654,0.1035448384,0.0511733522,0.0296484363,0.0033082635,0.0227230499,0.0974102194,0.0425880667,0.0311314758,0.0033890953,0.0236906769,0.0974351976,0.0425857527,0.0311575571,0.0033928676,0.0236918878,0.0974616297,0.041542649,0.0317283646,0.0034389585,0.0241906162,0.0977059644,0.0415866996,0.0321089909,0.0034700409,0.0240102739
GLR_321,-0.0013026822,-0.0001199188,-0.0005270478,-4.12453431055941E-005,-0.0006557155,-0.0013026822,-0.0001199188,-0.0005270478,-4.12453431055941E-005,-0.0006557155,-0.0013026822,-0.0001199188,-0.0005270478,-4.12453431055821E-005,-0.0006557155,-0.0013026822,-0.0001199188,-0.0005270478,-4.1245343105591E-005,-0.0006557155,0.3692451808,0.0342610955,0.3265223045,0.092993909,0.0084617808,0.3887012639,0.0428191368,0.3368339389,0.0943089724,0.0090481882,0.3890369959,0.042871332,0.3371032997,0.0943742309,0.0090623642,0.3950043292,0.0451693468,0.3403262862,0.094779275,0.0095086961,0.400178231,0.0457612973,0.3447627283,0.0956704537,0.0096542053
GLR_322,0,0,0,0,0,0,0,0,0,0,0,0,0,0,0,0,0,0,0,0,0.0221802023,0.0015700103,0.0174867955,0.0016141937,0.0031233965,0.0218208407,0.0015435137,0.0169297827,0.0016740127,0.0033475444,0.0218196536,0.0015436091,0.0169300084,0.0016748382,0.0033460361,0.022248702,0.0015415564,0.0171906044,0.0016888271,0.0035165412,0.0225156544,0.0015418893,0.0173808949,0.0017084102,0.0035928702
GLR_323,-0.0150793642,1.27132840345317E-005,-0.0065441083,-0.0007205162,-0.0085479691,-0.0153328125,-0.000004188,-0.0067606129,-0.0007236354,-0.0085680116,-0.0165181639,-0.000046299,-0.0076319643,-0.0008109982,-0.0088399006,-0.0248187958,-0.0001105082,-0.0150543843,-0.0012838514,-0.0096539034,0.2456830183,0.0139881762,0.2049049804,0.0055229044,0.0267898617,0.2266093575,0.0135058199,0.1941993435,0.0052283177,0.0189041941,0.2264931084,0.0135050877,0.1940934078,0.0052338618,0.018894613,0.2257755387,0.0133855643,0.193265846,0.0052827771,0.0191241284,0.2181712416,0.0133150227,0.1864004419,0.0047685495,0.0184557771
GLR_324,-0.6312498803,-0.0798626462,-0.2135728982,-0.210358491,-0.3378143359,-0.6275610451,-0.0794306361,-0.2124273126,-0.2092030229,-0.3357030964,-0.7848473667,-0.0989748198,-0.2648509766,-0.2637663527,-0.4210215703,-0.7875438946,-0.0988130284,-0.269083604,-0.262589863,-0.4196472622,4.3911326276,1.1531059953,1.5137007059,1.1286836549,1.7243259264,5.2191260128,1.1866187684,1.9924561156,1.2634824356,2.0400511288,5.250804297,1.1880038526,2.0096840778,1.2694574761,2.0531163666,5.2597154895,1.1760314894,2.0288099621,1.2497161389,2.054874038,5.296902854,1.1792879776,2.0414278102,1.2548794557,2.0761870662
GLR_325,-1.4444207779,0.0545652753,-0.337575107,-0.2015315101,-1.1614109462,-1.4510664559,0.0548504578,-0.339680029,-0.2025077495,-1.1662368847,-1.7915029687,0.0723527125,-0.4267171813,-0.2525973494,-1.4371384998,-1.8916870093,0.0756928052,-0.4534537691,-0.2665708793,-1.5139260454,5.432947362,0.4423307171,2.5160743103,0.4333882905,2.4745423346,5.3678188893,0.4754244982,2.4515565328,0.4063823784,2.4408378583,5.3676868626,0.476030029,2.4513588584,0.4054330463,2.4402979753,5.1547207105,0.4814374498,2.36899835,0.3492870066,2.3042849107,5.068186411,0.4824765252,2.3389316302,0.3293553942,2.2467782556
GLR_326,-0.047878619,-0.0016243972,-0.0214109523,-0.0003819783,-0.0248432695,-0.0483801791,-0.0016397148,-0.0216217213,-0.0003861735,-0.0251187429,-0.1050480364,-0.0035492527,-0.0461434046,-0.000853119,-0.0553553791,-0.1112086714,-0.0037739692,-0.0489142362,-0.0009024872,-0.058520466,1.0609778994,0.0502077717,0.6724712348,0.0059940064,0.3382988929,1.2036920225,0.0497916091,0.7055204478,0.0060818001,0.4483799656,1.2054346617,0.0497799114,0.7062522387,0.0060791489,0.4494025117,1.2255472546,0.0490505171,0.7123971212,0.0058573492,0.4640996163,1.2562206386,0.0489930008,0.725263123,0.0059142557,0.4819645148
GLR_327,-0.0183305275,-3.17835204095977E-005,-0.0087647383,-0.0001391705,-0.0095340057,-0.0184881244,-3.47157227413911E-005,-0.0088432167,-0.0001405048,-0.009610192,-0.0517010098,-0.0005813618,-0.0252984464,-0.0004180151,-0.0258212016,-0.0651479266,-0.0007833611,-0.0319379862,-0.0005293693,-0.0324265793,0.8235454808,0.0292307641,0.5335752545,0.005031869,0.2607394622,0.9852252699,0.0295142153,0.5926471149,0.0052882855,0.3630639397,0.98721174,0.0295163033,0.5935421635,0.0052867932,0.3641532732,1.0381738594,0.0294585566,0.616616227,0.005268739,0.3920990757,1.0512603135,0.0293029728,0.6228601748,0.0052523935,0.3990971659
GLR_328,-0.0021749622,-6.42425132304206E-005,-0.0015101997,-0.0009627908,-0.00060052,-0.0021956786,-6.49676758171501E-005,-0.0015292273,-0.0009628106,-0.0006014836,-0.0024106764,-7.24935359126882E-005,-0.0017266987,-0.0009630165,-0.0006114842,-0.0025829586,-7.852415988747E-005,-0.0018849364,-0.0009631814,-0.0006194979,1.1229017598,0.3120088766,0.621262371,0.1742629431,0.1896305123,1.4022684124,0.3183999279,0.7989486614,0.3033141001,0.2849198231,1.4049700887,0.3184338296,0.8006578482,0.3043113955,0.285878411,1.5336986489,0.3225020353,0.8787673991,0.3539641808,0.3324292145,1.5731640073,0.323129387,0.9020785087,0.3673875639,0.3479561116
GLR_329,0,0,0,0,0,0,0,0,0,0,0,0,0,0,0,0,0,0,0,0,0.0109664194,0.0012881358,0.0085567749,0.0003174088,0.0011215087,0.0114074843,0.001330182,0.0086007614,0.0005161801,0.0014765409,0.0114195199,0.0013311219,0.00860872,0.0005178592,0.001479678,0.011725163,0.0013717195,0.008718188,0.0005945325,0.0016352555,0.0118453026,0.0013774316,0.0087828492,0.0006153793,0.0016850217
GLR_330,2.48451114776687E-005,-0.000018647,6.24402420929546E-005,-0.000002286,-1.89481718138244E-005,2.48451114776687E-005,-0.000018647,6.24402420929546E-005,-0.000002286,-1.89481718138244E-005,-3.54531820704553E-005,-1.99974211055802E-005,6.50055654452386E-006,-2.26941592334658E-006,-2.19563175093989E-005,-7.17407880382266E-005,-2.08678522162765E-005,-2.69777388731884E-005,-2.25875719342515E-006,-2.38951969487618E-005,0.047903681,0.0035034274,0.040521441,6.21587787252393E-005,0.0038788125,0.0461679535,0.0035577609,0.0389569871,6.03733971602439E-005,0.0036532055,0.0461932755,0.0035578029,0.038980458,6.03997561271023E-005,0.0036550146,0.0460594101,0.0036736636,0.0387132253,6.17310843101282E-005,0.0036725212,0.0461710131,0.0036874725,0.0387949052,6.24339328286085E-005,0.0036886354
GLR_331,-0.0021398502,-0.0001111001,-0.0014658546,-5.29444725358428E-005,-0.0005628954,-0.0021398502,-0.0001111001,-0.0014658546,-5.294447253559E-005,-0.0005628954,-0.0027988192,-0.0001492221,-0.0019569973,-6.75676620089494E-005,-0.0006925998,-0.0037634287,-0.0002086957,-0.0027194869,-8.65102283671203E-005,-0.000835246,0.1517372034,0.0080325204,0.1285543935,0.0012568368,0.0151502895,0.1423474074,0.007673757,0.120928142,0.0010616346,0.0137455084,0.1424074959,0.0076755167,0.1209800134,0.0010636004,0.0137519658,0.1406459131,0.0075788867,0.1195198619,0.0010378146,0.0135471645,0.1396815605,0.0075184983,0.1187336966,0.001027726,0.0134293656
GLR_332,0,0,0,0,0,0,0,0,0,0,1.07737649071468E-014,6.0080360412565E-016,8.5156655066487E-015,9.59073815207303E-017,1.65729579637249E-015,0,0,0,0,0,0.0292722108,0.0010565009,0.0232970403,0.0006695767,0.0049186696,0.0292064242,0.0010265601,0.0231377765,0.0006801838,0.0050420877,0.0292131086,0.001026803,0.0231434809,0.0006806306,0.0050428247,0.0294701028,0.0010208445,0.0232682033,0.0006887015,0.005181055,0.0297323599,0.0010213817,0.0234620575,0.0006966253,0.0052489207
GLR_333,-0.0330673431,0.002815427,-0.014217975,-0.0004308612,-0.0216647951,-0.0333725059,0.0027947825,-0.0143672055,-0.000434699,-0.0218000828,-0.035857961,0.0029052692,-0.0154427479,-0.0004600707,-0.0233204823,-0.0379376187,0.0030670944,-0.0163260928,-0.00048325,-0.0246786203,1.1378689643,0.1852886512,0.8136340669,0.0123989484,0.1389462462,1.0542417592,0.156191558,0.7727720631,0.0120419848,0.1252781381,1.0542667409,0.1561589225,0.7729179376,0.0120505669,0.1251898807,1.0490034723,0.1520156135,0.7696497887,0.0121362698,0.1273380701,1.0493851136,0.1518865811,0.7710581238,0.0122248894,0.1264404086
GLR_334,-0.039554212,-0.0042076606,-0.0172241369,-0.0003600686,-0.0181224145,-0.039554212,-0.0042076606,-0.0172241369,-0.0003600686,-0.0181224145,-0.0049395526,-0.0043603713,-0.0001237102,-0.0003883802,-0.0004554711,-0.0049395526,-0.0043603713,-0.0001237102,-0.0003883802,-0.0004554711,0.083350013,0.0079987855,0.0541050238,0.000805757,0.0212462037,0.046018983,0.0041191498,0.0375801166,0.000483754,0.0043197166,0.0460827241,0.0041265155,0.0376234863,0.0004846393,0.0043327223,0.0406619398,0.0039926005,0.0350455287,0.0003993822,0.0016238106,0.040889071,0.004015606,0.0352434719,0.0004031101,0.0016299931
GLR_335,-4.1132624951,-1.4876268229,-0.9206366878,-1.9119584313,-1.7049989844,-4.1139425497,-1.4877514436,-0.9210552878,-1.9119928822,-1.7051358183,-4.1696157886,-1.5029393418,-0.935295777,-1.944891871,-1.7313806698,-4.2385178019,-1.5203867319,-0.9542825776,-1.9868881496,-1.7638484925,7.88335124,2.7085907565,1.9125302979,3.7928304504,3.2622301855,6.4739314326,2.2016744003,1.444472549,3.2954170647,2.8277844833,6.5143622665,2.2166992227,1.4569490789,3.3121056289,2.8407139649,6.6539984597,2.2493041208,1.5112951197,3.355181136,2.8933992193,6.646676801,2.2543687901,1.5041379019,3.3515613238,2.8881701091
GLR_337,-0.0007337318,7.69165605027521E-006,-0.0004314361,-1.90205942995196E-005,-0.0003099874,-0.0007337318,7.69165605027521E-006,-0.0004314361,-1.90205942995196E-005,-0.0003099874,-0.001079257,-1.73367360504846E-005,-0.0007381216,-2.17674630804688E-005,-0.0003237987,-0.0016472453,-0.000044961,-0.0012209224,-4.26306296356288E-005,-0.0003813619,0.0957241896,0.0023049867,0.0875883384,0.0019049733,0.0058308646,0.0899927496,0.0022737027,0.0864012464,0.0020381977,0.0013178006,0.0900594303,0.002278182,0.0864635289,0.0020401644,0.0013177194,0.090221353,0.0022486473,0.0866515964,0.0020817738,0.0013211093,0.0907999538,0.0022227317,0.087309599,0.0020818297,0.001267623
GLR_338,-0.0245361581,-9.70876330533733E-005,-0.0224449209,-0.000513136,-0.0019941496,-0.0246654996,-0.0001029951,-0.0225632965,-0.0005153288,-0.0019992081,-0.0250315392,-0.0001174338,-0.0229046926,-0.0005213032,-0.0020094128,-0.027257092,-0.0001425072,-0.0250439976,-0.0005853664,-0.0020705872,0.0491885712,0.0008028707,0.0457052588,0.0010999678,0.0026804417,0.0252753338,0.000689151,0.0238144244,0.0006477659,0.0007717584,0.0251645731,0.0006842587,0.0237134252,0.0006461984,0.0007668892,0.0250248805,0.0006671558,0.023554646,0.0006580888,0.0008030788,0.0229862771,0.0006406874,0.0216024217,0.0005936362,0.000743168
GLR_339,-0.001377129,5.56107850254308E-005,-5.51654133375275E-005,1.10225193661319E-005,-0.0013775743,-0.001377129,5.56107850254308E-005,-5.51654133375275E-005,1.10225193661319E-005,-0.0013775743,-0.001377129,5.56107850242226E-005,-5.51654133479473E-005,1.10225193660251E-005,-0.0013775743,-0.0099838349,-3.36723117844725E-005,-0.0085008211,-0.0002110191,-0.0014493415,0.1085156557,0.0042611819,0.0993476716,0.0023067506,0.0049068022,0.1087403926,0.0042251756,0.100368961,0.0024854853,0.004146256,0.1088312346,0.0042337013,0.1004445847,0.0024880928,0.0041529486,0.1096267794,0.0042207673,0.1009533296,0.0025395682,0.0044526825,0.1019055933,0.0041322862,0.093291882,0.002326382,0.0044814251
GLR_340,-0.0045500228,0.0002151575,0.0005660873,3.39948287064682E-005,-0.0053312677,-0.0045500228,0.0002151575,0.0005660873,3.39948287064682E-005,-0.0053312677,-0.0081749288,0.0002016471,-0.0030434136,-0.000079167,-0.0053331623,-0.0229181567,0.000122297,-0.0176810074,-0.0005319962,-0.0053594463,0.2488125374,0.0052579626,0.2249025404,0.0095261421,0.0186520344,0.2528284641,0.0053807626,0.2309722432,0.0107166713,0.0164754583,0.2529894662,0.0053898826,0.2311065927,0.010727052,0.0164929909,0.2530264688,0.005366071,0.2295677041,0.0109578273,0.0180926938,0.2411162531,0.0052896839,0.2172064856,0.0106357294,0.0186200835
GLR_341,-0.000045141,4.30903583594882E-005,0.0003910801,8.63711200978447E-006,-0.0004793115,-0.000045141,4.30903583594882E-005,0.0003910801,8.63711200978447E-006,-0.0004793115,-0.000045141,4.30903583602568E-005,0.0003910801,8.63711200986963E-006,-0.0004793115,-0.000045141,4.30903583602568E-005,0.0003910801,8.63711200986963E-006,-0.0004793115,0.1058686771,0.0021958053,0.0970025787,0.0052122825,0.0066702931,0.1069240721,0.0021878947,0.0988409808,0.0058483314,0.0058951966,0.1069724449,0.002191215,0.0988907524,0.0058539298,0.0058904775,0.1080531618,0.0021876735,0.0997176691,0.0060454664,0.0061478192,0.109516681,0.0021927356,0.1010642005,0.0061458514,0.0062597448
GLR_342,-0.1007816242,0.0042463475,-0.03426077,-0.0020713067,-0.0707672017,-0.1027024647,0.0044315104,-0.0351007277,-0.0021384365,-0.0720332474,-0.1505718554,0.0085406977,-0.0556941702,-0.0037262185,-0.1034183829,-0.1619430551,0.0081495311,-0.0581005825,-0.0037363678,-0.1119920037,1.451855702,0.2394694541,0.9536975615,0.0358350804,0.2586886864,1.5033798259,0.2252180874,1.0049346506,0.0400561561,0.2732270879,1.5000461683,0.2254065855,1.0031077423,0.0400206068,0.2715318405,1.4142597651,0.2234535325,0.9526749319,0.0400701062,0.2381313007,1.3965159897,0.2208631185,0.9497492958,0.0407340996,0.2259035755
GLR_343,-0.3348210657,0.0461893692,-0.1346084839,-0.0053100426,-0.246401951,-0.3360807354,0.0462429224,-0.1353186392,-0.0053292778,-0.2470050186,-0.3689780179,0.0485552012,-0.1504705928,-0.0059289021,-0.2670626263,-0.3858339655,0.046478983,-0.1619192118,-0.0062560137,-0.2703937367,2.8948378176,0.2632950741,2.1402555271,0.070073093,0.4912872164,2.7307984913,0.2717127053,2.0740403729,0.0729090264,0.385045413,2.7311086224,0.2719146734,2.0745068607,0.0729606938,0.3846870884,2.7251860469,0.2687147061,2.0682646302,0.0746704992,0.3882067106,2.7390592117,0.2670109486,2.0771736455,0.0753957336,0.3948746176
GLR_344,-0.0162818536,0.0004883732,-0.0090787497,-8.42731949714686E-005,-0.007691477,-0.0169163924,0.0003853343,-0.0095759262,-8.86614032001585E-005,-0.0077258005,-0.0221195091,0.0004877409,-0.0127705194,-0.0001105821,-0.0098367306,-0.0250889599,2.5266770824479E-005,-0.0151015565,-0.000134652,-0.0100126702,0.2753130184,0.0207853206,0.2274452948,0.0042150869,0.027082403,0.2876981275,0.0193507143,0.2394685164,0.004203814,0.0288788968,0.2874892398,0.0192878146,0.2392462902,0.0042030268,0.0289551349,0.279908569,0.0190987004,0.2329983372,0.0041992587,0.0278115314,0.2806036511,0.0187204213,0.2333122993,0.0042215455,0.0285709305
GLR_346,-0.0076393498,0.0010159239,-0.003743598,3.01373282699413E-005,-0.0049116757,-0.0081490244,0.0010690724,-0.0040200901,3.09806441396977E-005,-0.0051980067,-0.0100754346,0.0012603139,-0.0050827609,3.33987390479804E-005,-0.0062529876,-0.0104124173,0.0012231308,-0.0053341142,2.90453666115961E-005,-0.0063014339,0.3894753616,0.0306118567,0.3110149105,0.0057607449,0.0478485944,0.4217314349,0.0285085931,0.342024754,0.0058514583,0.0511980878,0.4204552299,0.0285734674,0.3412133839,0.005854612,0.0506683786,0.4245715997,0.0283139952,0.3443955574,0.0059565123,0.0518620471,0.4288127794,0.0282797419,0.3474779449,0.006032993,0.0530550926
GLR_348,-0.0135474977,-0.0023066726,-0.0093507173,-8.81382216197604E-005,-0.0018901077,-0.0140064616,-0.0024126469,-0.0096748985,-9.06337076396793E-005,-0.0019189163,-0.0164159667,-0.0029689988,-0.0113768104,-0.0001037347,-0.0020701575,-0.0201737536,-0.0038221163,-0.0140261461,-0.000127824,-0.0023254912,1.3721456436,0.1802589115,1.0712241343,0.051536287,0.1206625978,1.5396026673,0.1606734409,1.2332126545,0.0529057069,0.1457165719,1.5416143257,0.1607106522,1.2349370226,0.052943886,0.145966651,1.5784460392,0.158756486,1.262511287,0.0535480537,0.1571782662,1.5900453114,0.1582922032,1.2707596472,0.0541121706,0.160993461
GLR_349,-0.0092933334,5.37037394992129E-005,-0.004488743,2.97888152974158E-005,-0.0048582941,-0.0092933334,5.37037394919842E-005,-0.004488743,2.97888152969058E-005,-0.0048582941,-0.0116452356,6.57005838400184E-005,-0.0056585231,3.62555274907237E-005,-0.0060524131,-0.0142880912,8.04422535933909E-005,-0.0069462907,0.00004437,-0.0074222428,0.1527924403,0.0077343605,0.1140440757,0.0010843429,0.0310140041,0.1717048117,0.0077405666,0.1262153363,0.0011132606,0.0377489088,0.1719772855,0.0077554324,0.1263279865,0.0011136969,0.0378938666,0.1745254526,0.0077568749,0.1269406486,0.0011566455,0.0398279291,0.1688506657,0.007773499,0.1234176498,0.0011800269,0.0376595168
GLR_351,0.0009361711,6.73065077473048E-005,0.0009189619,-1.75848031849034E-005,-5.00972957156762E-005,0.0009361711,6.73065077479382E-005,0.0009189619,-1.75848031848609E-005,-5.00972957148819E-005,0.0009361711,6.73065077474315E-005,0.0009189619,-1.75848031848949E-005,-5.00972957155173E-005,0.0009361711,6.73065077471781E-005,0.0009189619,-1.75848031849119E-005,-5.0097295715835E-005,0.0187014655,0.0006203226,0.01320719,0.0002131673,0.004873953,0.0134516436,0.0006616169,0.0099013188,0.0002037335,0.0028887078,0.0134437086,0.0006627256,0.0098962521,0.0002038167,0.0028847308,0.0135977181,0.0006612078,0.0099633738,0.0002114059,0.0029731365,0.0137149479,0.0006616156,0.0100347177,0.0002148331,0.0030186147
GLR_352,-0.0028008845,1.89004267960707E-005,-0.0013865007,6.92918095243954E-006,-0.0014332842,-0.002934132,0.000020365,-0.0014447458,7.44691777833597E-006,-0.0015097512,-0.0056942238,4.67432788513948E-005,-0.0027052543,1.68544186487665E-005,-0.0030357128,-0.0056942238,4.67432788508009E-005,-0.0027052543,1.68544186487233E-005,-0.0030357128,0.1035791813,0.0038038036,0.0829376456,0.0016227383,0.0168377321,0.1506591386,0.0038321863,0.1183368436,0.0016770515,0.0284901087,0.1507751637,0.0038425044,0.1184280988,0.001678295,0.0285045605,0.1554060305,0.0038653127,0.121839642,0.0016942798,0.0297010759,0.1584917704,0.0038717675,0.1236000024,0.0017130801,0.0310200005
GLR_355,0,0,0,0,0,0,0,0,0,0,0,0,0,0,0,0,0,0,0,0,0.1099745966,0.0079553036,0.0903424478,0.0008725106,0.0116768452,0.1093645848,0.0078888101,0.0892781542,0.0008222138,0.0121976205,0.1094439255,0.0079061094,0.0893371405,0.0008230088,0.0122006756,0.1098654463,0.007889452,0.0894254807,0.0008353263,0.0125505136,0.1104643127,0.0078948533,0.0898576136,0.0008455851,0.0127118458
GLR_359,-7.2242191581899E-005,7.67392880377197E-007,-2.62297131591725E-005,3.81914725767016E-007,-4.67798713031037E-005,-7.22421915891886E-005,7.67392879801619E-007,-2.62297131654379E-005,3.8191472572452E-007,-4.67798713035523E-005,-7.2242191581899E-005,7.67392880377197E-007,-2.62297131591725E-005,3.81914725767016E-007,-4.67798713031037E-005,-7.2242191581899E-005,7.67392880377197E-007,-2.62297131591725E-005,3.81914725767016E-007,-4.67798713031037E-005,0.0109659963,0.0005451924,0.008120716,8.5172441187356E-005,0.0023000879,0.0130193473,0.0005430715,0.0090748348,0.000087159,0.003401441,0.0130436165,0.0005441601,0.0090824527,8.71896892327881E-005,0.0034170037,0.0139127486,0.0005440064,0.0094786794,9.08517642934658E-005,0.0038900627,0.0142001462,0.0005447631,0.0096207163,9.26007739730003E-005,0.0040346668
GLR_361,-0.5023688128,-0.2840325401,-0.1122472309,-0.1938568502,-0.1060890418,-0.5163448555,-0.292229233,-0.1153112167,-0.2004142439,-0.1088044058,-0.5349433403,-0.3017350037,-0.1207919397,-0.2071240101,-0.1124163969,-0.5790265081,-0.3224307428,-0.1348903791,-0.2205914124,-0.1217053862,1.9088455043,0.9840568922,0.5940533357,0.5224128317,0.3307352764,1.9802519156,1.0712347184,0.5967398333,0.5851883918,0.312277364,1.9732781067,1.0646329283,0.5969645042,0.5808599979,0.3116806742,2.0003616178,1.0728151827,0.606569554,0.58887191,0.3209768812,1.9627588617,1.058966372,0.5919525826,0.5828744587,0.3118399071
GLR_365,-0.0142555839,-0.0014979992,-0.0093093613,-0.0004830904,-0.0034482233,-0.0151698377,-0.001583554,-0.0098141251,-0.0005543759,-0.0037721585,-0.0176219191,-0.001830231,-0.0113189707,-0.0006795964,-0.0044727175,-0.0265831526,-0.0028037999,-0.0174509208,-0.000860986,-0.0063284319,0.7521628788,0.2295946653,0.4415270807,0.0068652921,0.0810411329,0.7132378816,0.2157102196,0.4228305144,0.007059383,0.0746971475,0.7133280544,0.2157748017,0.4230405463,0.0069977779,0.0745127063,0.7090564308,0.2155896373,0.4193495462,0.0069569975,0.0741172472,0.7025641294,0.2150058972,0.4144210452,0.0068207711,0.073137187
GLR_367,-0.4230279758,-0.0468682078,-0.2388888628,-0.0683005385,-0.1372709052,-0.4237603142,-0.0469504543,-0.239376013,-0.0683360959,-0.1374338469,-0.4328834901,-0.0484036574,-0.2444659788,-0.0694180161,-0.1400138539,-0.4379301392,-0.048958657,-0.2476957242,-0.0697206322,-0.141275758,2.8646992738,0.4912837311,1.7356947125,0.2288416026,0.6377208301,2.6949068053,0.461728559,1.6807863944,0.1984820665,0.5523918519,2.7004650134,0.4628217251,1.6836162216,0.1993660376,0.5540270667,2.7290776404,0.4632190798,1.7007263953,0.2022338404,0.5651321652,2.7468532238,0.4650500502,1.7076332843,0.2056800631,0.5741698892
GLR_370,-0.0065537627,-0.0002855327,-0.0050091481,-8.13647445815258E-005,-0.0012590818,-0.0069115677,-0.0003070828,-0.0052844811,-8.4482400367032E-005,-0.0013200038,-0.0071262456,-0.0003200126,-0.005449677,-8.63529498304592E-005,-0.0013565561,-0.031344934,-0.0004535849,-0.0155760673,-0.0026952919,-0.0153152819,0.704402872,0.0257783208,0.3909180878,0.0494509063,0.2877064634,0.6966406309,0.0251201573,0.3867875575,0.0497496193,0.2847329161,0.6967354146,0.0251491637,0.3868272324,0.0497728632,0.2847590185,0.697286871,0.0251147724,0.3868127219,0.0499020721,0.2853593767,0.6837468663,0.0249924788,0.3789769345,0.0477035611,0.279777453
GLR_372,-2.19071252610062E-014,-2.35816939387838E-015,-1.71790118759279E-014,-1.69981622546248E-016,-2.36994399119989E-015,1.09535626305031E-014,1.17908469693919E-015,8.58950593796395E-015,8.49908112731241E-017,1.18497199559994E-015,0,0,0,0,0,0,0,0,0,0,0.6465822298,0.0154554548,0.4844097569,0.1362221963,0.1467170181,0.701456451,0.0153546873,0.5321141028,0.1377129011,0.1539876609,0.7019941343,0.0153893027,0.5325428447,0.1377868964,0.154061987,0.7115097962,0.0153767452,0.5401491423,0.1381613259,0.1559839087,0.7222644714,0.0153954889,0.5460784458,0.1394576764,0.1607905367
GLR_373,-0.0027570357,-0.000056714,-0.001796708,-2.68645019440321E-005,-0.0009036137,-0.0015049948,-6.00112634324191E-005,-0.0012713137,-2.81871014143979E-005,-0.0001736698,-0.0015366084,-1.4589580924429E-005,-0.0012999114,-4.25850663671199E-005,-0.0002221075,-0.0015917798,-1.89384486077387E-005,-0.0013425903,-4.3208517367765E-005,-0.000230251,0.1675874724,0.0093309145,0.1191344598,0.0097650423,0.039122098,0.1573690679,0.0091606525,0.1128674371,0.0099662248,0.0353409783,0.1569927658,0.009176326,0.1125844305,0.0099588477,0.0352320093,0.1572234595,0.0092009345,0.1125729365,0.0100148402,0.0354495884,0.1587839815,0.0092033293,0.1132970558,0.0101260451,0.0362835964
GLR_374,-0.0470067954,-0.0202197006,-0.0177941901,-0.0172835179,-0.0089929047,-0.0483687325,-0.0208121994,-0.0183025252,-0.0177942161,-0.009254008,-0.0560923125,-0.023775103,-0.0216152344,-0.0200984916,-0.0107019751,-0.0675092144,-0.0277639748,-0.0269351323,-0.0229221489,-0.0128101074,2.3595047273,0.8163895298,0.9594721483,0.6467940982,0.5836430493,3.2779582929,1.0182711766,1.3735193894,0.9210745422,0.8861677269,3.3060329114,1.0240590055,1.3853646888,0.9298745468,0.8966092172,3.4568435425,1.0456373293,1.4535413428,0.9686528987,0.9576648704,3.465175083,1.0501724631,1.4537489274,0.9728710012,0.9612536925
GLR_378,-0.0239497744,0.0019057405,-0.0228686243,-0.0012158116,-0.0029868906,-0.0239130408,0.0019412444,-0.0228278091,-0.0012238034,-0.0030264761,-0.0237471363,0.0021015952,-0.0226434704,-0.0012598982,-0.003205261,-0.0237471363,0.0021015952,-0.0226434704,-0.0012598982,-0.003205261,0.3730582412,0.0103613098,0.309329083,0.0255981293,0.0533678484,0.2102476837,0.0121696395,0.1795929401,0.0245478166,0.0184851042,0.2105025362,0.0122340736,0.1798072764,0.0245522738,0.0184611862,0.2102693691,0.0123741104,0.179602201,0.0245520786,0.0182930577,0.2115837614,0.0123850634,0.1807613264,0.0247712607,0.0184373715
GLR_381,-0.6890136647,-0.0892321881,-0.4210900501,-0.0923732113,-0.1786914265,-0.6930653429,-0.0901725004,-0.4233408781,-0.0931934857,-0.1795519645,-0.6974736448,-0.0908368365,-0.4262438987,-0.0936300781,-0.1803929096,-0.7166555009,-0.0957018303,-0.4363768881,-0.098038684,-0.1845767825,2.1347231892,0.3375985141,1.3864127509,0.2850045695,0.4107119242,1.6843570307,0.3086918206,1.0824827363,0.2552135515,0.2931824738,1.6883227675,0.3094879087,1.0842816395,0.256353233,0.2945532193,1.7255987468,0.3158827126,1.1011670185,0.2652169371,0.3085490158,1.7166661,0.3129924026,1.0965094159,0.2631082985,0.3071642815
GLR_389,-3.6541363381,-0.2247680217,-2.2461562181,-0.550906613,-1.1832120983,-3.6563091089,-0.2230114505,-2.2503935711,-0.5486113558,-1.1829040872,-3.6661603906,-0.228530628,-2.249924565,-0.5561594495,-1.1877051976,-3.6732734321,-0.2330232202,-2.2492027909,-0.5620098856,-1.1910474211,5.2068214976,0.4340139751,3.3984406588,0.6333504346,1.3743668637,1.7603504783,0.2262057684,1.2952739756,0.118061077,0.2388707343,1.7629931666,0.2293338755,1.2943666501,0.1207047175,0.239292641,1.7657743403,0.2244174875,1.3017674064,0.1136177771,0.2395894464,1.7587346276,0.2199444454,1.3017463029,0.1075450136,0.2370438793
GLR_391,-8.65440695809235E-006,1.75154453140783E-006,-1.0554393090033E-005,-9.62441886061011E-007,1.48441600532826E-007,-8.65440695809235E-006,1.75154453140783E-006,-1.0554393090033E-005,-9.62441886061011E-007,1.48441600532826E-007,-8.65440695809235E-006,1.75154453140783E-006,-1.0554393090033E-005,-9.62441886061011E-007,1.48441600532826E-007,-8.65440695809235E-006,1.75154453140783E-006,-1.0554393090033E-005,-9.62441886061011E-007,1.48441600532826E-007,0.0967157496,0.0013039545,0.0937473376,0.0353710525,0.0016644575,0.1008751391,0.0013565861,0.097966536,0.0356884673,0.001552017,0.1009603997,0.0013601722,0.0980478098,0.0357117808,0.0015524177,0.1019242868,0.0013777465,0.0989596001,0.0357919183,0.0015869402,0.1032779488,0.001384006,0.1002821504,0.0361201016,0.0016117924
GLR_392,15.3342690675,4.73976757140484E-005,-0.0026429221,-0.0003518483,15.336864592,15.476276599,5.03280540817011E-005,-0.0026552331,-0.0003536667,15.4788815041,22.4848356516,0.0002344349,-0.0030467496,-0.0004194309,22.4876479664,25.2636254909,0.0001869157,-0.0038213591,-0.0005144162,25.2672599343,2.4879135067,0.2439260019,1.078019657,0.1196227424,1.1659678477,2.5388985673,0.2369064168,1.1220171886,0.1357150507,1.179974962,2.5397820714,0.237086355,1.1227955938,0.1358797346,1.1799001227,2.549230348,0.2372200216,1.1353004092,0.140919759,1.1767099172,2.5640463842,0.237689146,1.1496405926,0.1428255513,1.1767166456
GLR_393,-0.0001764493,2.11317742346246E-005,-0.0001752239,-7.96478447879147E-006,-2.23571861454314E-005,-0.0001764493,2.11317742346246E-005,-0.0001752239,-7.96478447879147E-006,-2.23571861454314E-005,-0.0001764493,2.11317742251857E-005,-0.0001752239,-7.96478447977694E-006,-2.23571861608129E-005,-0.0002898356,1.49867594558096E-005,-0.0002647107,-8.874589389756E-006,-4.01116255174284E-005,0.2592979955,0.0095103977,0.2175252448,0.0273702829,0.0322623529,0.259605337,0.0094738493,0.218963437,0.027524781,0.0311680507,0.2599075831,0.0094968029,0.2192159662,0.0275416017,0.031194814,0.2605041161,0.009485014,0.2196414853,0.0275967623,0.0313776168,0.2629865827,0.0094882977,0.2214476526,0.0278443437,0.0320506324
MEK_10,0.0001432594,-2.78286460560309E-016,0.0001214547,-2.26991881954828E-016,2.18047316676374E-005,0.0001432594,-2.78286460560309E-016,0.0001214547,-2.26991881954828E-016,2.18047316676374E-005,0.0001432594,-2.78286460560309E-016,0.0001214547,-2.26991881954828E-016,2.18047316676374E-005,0.0001432594,-2.78286460560309E-016,0.0001214547,-2.26991881954828E-016,2.18047316676374E-005,1.8321055183,0.1410969066,1.0507026131,0.2678773316,0.6403059986,1.8387608516,0.141343473,1.0563140091,0.2678829958,0.6411033695,1.8391449699,0.1413641272,1.0566136082,0.2678964686,0.6411672345,1.8388416498,0.1413531129,1.0563774267,0.2678880468,0.6411111102,1.8396140677,0.1414894424,1.0568196284,0.2679417817,0.6413049969
MEK_11,-7.55603924223203E-005,-2.02303822974401E-005,-4.05411979129175E-005,2.44369616917472E-006,-1.47888122119628E-005,-0.000104517,-2.42830603212376E-005,-0.000060244,2.93248320309451E-006,-1.99899133516953E-005,-0.000104517,-2.42830603212376E-005,-0.000060244,2.93248320309451E-006,-1.99899133516953E-005,-0.000104517,-2.42830603212376E-005,-0.000060244,2.93248320309451E-006,-1.99899133516953E-005,2.8276108466,0.2829393223,1.7121266701,0.2739036732,0.8325448542,2.8374101478,0.2836417257,1.7199624913,0.2738726548,0.8338059308,2.8380127039,0.2836829844,1.7204386855,0.273888208,0.8338910339,2.8375079276,0.2836579996,1.7200542064,0.2738632864,0.8337957216,2.8390573345,0.2839132445,1.7210633851,0.2739215353,0.8340807048
MEK_12,0.001478989,0.0006650024,0.0007163045,4.74867064639141E-006,0.000097682,0.001478989,0.0006650024,0.0007163045,4.74867064639141E-006,0.000097682,0.001478989,0.0006650024,0.0007163045,4.74867064639141E-006,0.000097682,0.001478989,0.0006650024,0.0007163045,4.74867064639141E-006,0.000097682,2.5244623263,0.2147750569,1.4140548531,0.1387262267,0.8956324163,2.5287465634,0.2146389633,1.417493622,0.1387325478,0.8966139781,2.529167506,0.214666861,1.4178228396,0.1387441754,0.8966778055,2.5286536906,0.2146382742,1.4174255442,0.1387277004,0.8965898722,2.5302696979,0.2148592405,1.4185328285,0.1387755284,0.8968776288
MEK_13,0.000035542,2.33334743891088E-012,2.71354564496337E-005,1.25151596110778E-011,8.40649894642625E-006,0.000035542,2.33334743891088E-012,2.71354564496337E-005,1.25151596110778E-011,8.40649894642625E-006,0.000035542,2.33334743891088E-012,2.71354564496337E-005,1.25151596110778E-011,8.40649894642625E-006,0.000035542,2.33334743891088E-012,2.71354564496337E-005,1.25151596110778E-011,8.40649894642625E-006,0.0068862133,0.0005737249,0.0049036305,0.0002480895,0.0014088578,0.0069185818,0.0005762143,0.0049235459,0.000249079,0.0014188215,0.006921373,0.0005763447,0.0049258694,0.000249138,0.0014191588,0.0069196643,0.0005762809,0.0049245111,0.0002490831,0.0014188724,0.0069294949,0.0005772329,0.0049318684,0.0002493135,0.0014203936
MEK_15,0.0011828889,-3.13044952316152E-005,0.0009315456,3.49287904260153E-005,0.0002826477,0.0012010793,-3.10244353747014E-005,0.0009416437,3.67084756553429E-005,0.0002904601,0.0012950026,-0.000023361,0.0010013778,4.03848524651165E-005,0.0003169857,0.0011828946,-3.13044072695986E-005,0.0009315488,3.49293494016449E-005,0.0002826502,0.847762423,0.0931210762,0.4837730496,0.116072094,0.2708682971,0.8504461162,0.0932611932,0.4857193867,0.1161399495,0.2714655362,0.8506588551,0.0932750147,0.4858832859,0.1161475776,0.2715005545,0.8506070769,0.0932742859,0.4858346467,0.1161457097,0.2714981443,0.8510592436,0.0933454033,0.4861455759,0.1161551612,0.2715682643
MEK_16,0.0134656275,0.0022429214,0.0083774761,-0.0004486903,0.0028452299,0.015268403,0.001987449,0.0108262805,-0.0004854754,0.0024546736,0.0142023313,0.0021584294,0.0093038351,-0.0004705575,0.0027400669,0.0139097729,0.0021312855,0.0091172044,-0.0004557044,0.002661283,5.0267527492,0.6085267589,2.7108262679,0.2935401862,1.7073997224,5.0560706677,0.6141978438,2.7288867572,0.293615962,1.7129860666,5.0571676297,0.614056158,2.7302584258,0.2936400481,1.7128530459,5.0562713805,0.614060391,2.7293221428,0.2936561179,1.7128888466,5.0603749475,0.6147842095,2.7319375156,0.2937173635,1.7136532223
MEK_17,-0.1165399059,-0.104461055,-0.0135633739,0.0002979124,0.001484523,-0.117346558,-0.1048918342,-0.0138479874,0.0002852822,0.0013932637,-0.1178622054,-0.1059167046,-0.013547074,0.0003167381,0.0016015733,-0.115694367,-0.1035482974,-0.0135621675,0.0002868265,0.0014160978,6.3295840121,1.4674726175,2.8187843281,0.858731372,2.0433270665,6.3366796467,1.4708862916,2.8189688796,0.8592058454,2.0468244755,6.3375155533,1.4708967615,2.8196619639,0.8592924962,2.0469568278,6.3371748392,1.4708751785,2.8194263563,0.8592313788,2.0468733044,6.3402947803,1.4715119025,2.821402902,0.8592611832,2.0473799758
MEK_18,-0.0043817653,-0.00015307,-0.0051755818,-1.70033669097275E-005,0.0009468865,-0.0062540593,-0.0003351306,-0.0063301352,-0.0002832858,0.0004112066,-0.004356566,-0.0001515642,-0.0052085036,-9.64236705887366E-006,0.0010035018,-0.0043849239,-0.000153259,-0.0051714721,-0.000017924,0.0009398072,3.7889894941,0.3285775983,1.9320762891,0.6227700755,1.5283356066,3.8023992958,0.3299001525,1.9418471245,0.623111738,1.5306520188,3.8030335017,0.3297717042,1.942988848,0.6229335691,1.5302729495,3.8027138467,0.3298947832,1.9421440053,0.6231484697,1.5306750581,3.8041486516,0.3302408672,1.9429064991,0.6231581255,1.5310012853
MEK_19,-0.0022055391,-0.0011144641,-0.0008107278,-4.45553874584617E-005,-0.0002803472,-0.0022055391,-0.0011144641,-0.0008107278,-4.45553874584762E-005,-0.0002803472,-0.0021886322,-0.0011148587,-0.0008022271,-4.56804563507444E-005,-0.0002715464,-0.0022055391,-0.0011144641,-0.0008107278,-4.45553874584617E-005,-0.0002803472,0.5122715822,0.0866482604,0.257477966,0.0191003738,0.1681453558,0.5131840708,0.0867232611,0.2582634539,0.0190825676,0.1681973558,0.5133115435,0.0867487673,0.2583382901,0.0190866098,0.168224486,0.5131899308,0.0867272277,0.2582621186,0.0190874877,0.1682005845,0.5135463552,0.0867948856,0.2584628413,0.0190963342,0.1682886284
MEK_22,-0.017700496,0.0009805541,-0.001513747,-0.000125166,-0.0171673032,-0.0178648098,0.001005833,-0.0014366604,-0.0001278747,-0.0174339824,-0.0177826192,0.0009931883,-0.0014752195,-0.0001265198,-0.017300588,-0.0176183974,0.0009679236,-0.0015522629,-0.0001238126,-0.017034058,0.4543886927,0.0274320412,0.1676044783,0.054043899,0.2593521732,0.4474852905,0.0278639141,0.1661555219,0.0539477089,0.2534658545,0.4474498406,0.0278880209,0.1662365253,0.0539498626,0.2533252943,0.4474459947,0.0278622266,0.166140571,0.0539517748,0.2534431971,0.447863279,0.027908237,0.1662850379,0.0539587537,0.2536700041
MEK_23,-0.0008456796,0.0003650417,-0.0006226726,-0.0001276514,-0.0005880488,-0.0008221397,0.0003752624,-0.0006089536,-0.0001283042,-0.0005884485,-0.0008510012,0.0003788102,-0.0006283323,-0.0001300552,-0.0006014792,-0.0008982536,0.0003583429,-0.0006558785,-0.0001287526,-0.0006007179,12.4883823493,3.3369599472,4.2025667175,2.3971709305,4.9488556845,12.5164883846,3.3315772836,4.2190356264,2.3975361427,4.9658754746,12.5167840752,3.331554193,4.2188851392,2.3976917667,4.966344743,12.5159698277,3.3313129488,4.218607474,2.3976775258,4.9660494049,12.5187125406,3.3321240902,4.2200204532,2.3978596545,4.9665679973
MEK_24,-0.0652106974,0.0036736132,-0.0059238641,-0.0006924777,-0.0629604465,-0.0652175623,0.003691924,-0.005868843,-0.0006901859,-0.0630406433,-0.065669588,0.0037893286,-0.0056858098,-0.000683091,-0.0637731069,-0.0652899174,0.0036492996,-0.0060202346,-0.0006966045,-0.0629189824,6.1828402499,0.3924760651,2.1217095342,1.4750127102,3.6686546506,6.2154696688,0.3937260601,2.1200825029,1.4751718429,3.7016611059,6.2164376793,0.393725503,2.1200072705,1.4753055054,3.7027049058,6.2161420211,0.3936958232,2.1201732011,1.4753040846,3.7022729968,6.2172420095,0.3940661039,2.1208870119,1.4753398263,3.7022888938
MEK_25,-0.0948582352,-0.000463531,-0.0011353584,-0.0011330319,-0.0932593457,-0.0967105987,-0.0005128574,-0.0012114111,-0.0013762,-0.0949863302,-0.0961646476,-0.0004263528,-0.0010645821,-0.0013742817,-0.0946737127,-0.0954118105,-0.0004562427,-0.0011646576,-0.0013723049,-0.0937909102,2.4044975465,0.1369712387,0.5145046449,0.61456931,1.7530216629,2.3613767906,0.1369333189,0.5093100891,0.6138609611,1.7151333826,2.3568235103,0.1369175186,0.5058683829,0.6136950653,1.7140376088,2.3595592984,0.136949405,0.5082260434,0.6136974954,1.71438385,2.3609945518,0.1371306426,0.5089474783,0.6137151263,1.7149164309
MEK_28,-0.0315123311,0.0102985531,-0.0152018055,-0.0006515596,-0.0266090787,-0.0311475015,0.0103297741,-0.0149696577,-0.0006410651,-0.0265076178,-0.0304154867,0.0105975518,-0.0144269386,-0.0006159555,-0.0265860999,-0.0314442146,0.0102666068,-0.0151726273,-0.0006503465,-0.026538194,5.5929132186,1.2757619383,2.7927891492,0.5352726075,1.5243621311,5.5750541455,1.2807291879,2.7813383549,0.5348751014,1.5129866027,5.5766518122,1.2807898004,2.7825037817,0.5349178263,1.5133582302,5.5760403216,1.2808441735,2.7821212671,0.5349184991,1.513074881,5.5796565845,1.2814057445,2.7843568385,0.5349977386,1.5138940014
MEK_29,-0.0007594715,4.9401248500042E-005,-0.0003199474,-5.89850678524195E-005,-0.0004889254,-0.0007594715,4.9401248500042E-005,-0.0003199474,-5.89850678524195E-005,-0.0004889254,-0.0005735012,8.16062167423403E-005,-0.0002203582,-5.98494206127981E-005,-0.0004347492,-0.0007594715,4.9401248500042E-005,-0.0003199474,-5.89850678524195E-005,-0.0004889254,0.391654524,0.0629903219,0.2135003819,0.0242474007,0.1151638202,0.3943956101,0.063338146,0.2155515496,0.0242596711,0.1155059145,0.3945767959,0.0633700883,0.2156732122,0.0242649518,0.1155334953,0.3946610362,0.0633875252,0.2157169388,0.0242640868,0.1155565722,0.3948716587,0.0634330704,0.2158082809,0.024267143,0.1156303074
MEK_30,-0.0146637684,0.0036459849,-0.0114969034,-0.0007216688,-0.0068128499,-0.0146122573,0.0036939625,-0.0114797592,-0.0007204428,-0.0068264606,-0.014599678,0.00370966,-0.0114770782,-0.0007202247,-0.0068322598,-0.0146945096,0.0036492046,-0.0115191811,-0.0007230506,-0.0068245331,1.3358780019,0.1652100093,0.8113145626,0.0688617751,0.3593534299,1.3218937388,0.167024113,0.7999083194,0.0683434955,0.3549613064,1.3224535023,0.1670954458,0.8003010881,0.0683768453,0.3550569684,1.3222170666,0.1670632376,0.800160156,0.0683766072,0.354993673,1.3237789071,0.167296496,0.8012162927,0.0683887807,0.3552661184
MEK_31,-0.018890859,0.0006263266,-0.0125618297,0.0081640158,-0.006955356,-0.0186581129,0.0006197799,-0.0123962499,0.0080603828,-0.0068816428,-0.0192584689,0.0006429034,-0.0127443155,0.0083037914,-0.0071570568,-0.0186342779,0.0006085344,-0.0125133174,0.0080903091,-0.0067294949,16.7278204733,5.3750519312,7.02464288,3.5162733123,4.3281256621,16.7714696075,5.371772318,7.0628504926,3.5047320875,4.3368467969,16.7765205708,5.3719180129,7.066701556,3.5037857871,4.3379010018,16.7747382294,5.3716099135,7.0654507977,3.5031154799,4.3376775183,16.7773066266,5.3728672125,7.0658583621,3.505843734,4.3385810519
MEK_32,-0.0034795631,-0.0014473772,-0.0027300994,0.0359114021,0.0006979136,-0.0035395294,-0.0014637314,-0.0027732387,0.0361864825,0.0006974407,-0.0032151689,-0.0014519719,-0.0025586994,0.0364300189,0.0007955024,-0.0034381508,-0.0014412702,-0.0027015794,0.0358385266,0.0007046987,3.6042376871,1.2245263731,1.6197952971,0.597124092,0.7599160169,3.6158190024,1.2244187584,1.6277232412,0.6197843291,0.7636770028,3.6171948777,1.2244956499,1.6289199153,0.6193169964,0.7637793125,3.6169122641,1.2244936069,1.628792348,0.6190156309,0.7636263092,3.6189182066,1.2248613537,1.6295570425,0.6202335485,0.7644998105
MEK_33,-0.025139009,-0.003092727,-0.0170160178,0.0043756265,-0.0050302642,-0.0267319744,-0.0029189179,-0.0182787973,0.0053986002,-0.0055342592,-0.0249509616,-0.0022054498,-0.0173495153,0.0068207868,-0.0053959965,-0.0244983084,-0.002988805,-0.016611254,0.004200729,-0.0048982493,12.5304330829,5.330033505,4.8420419214,4.9987813352,2.3583576566,12.5390780603,5.3268341034,4.8525326105,4.9904311292,2.3597113464,12.5400064811,5.3273057643,4.8530759712,4.9910974213,2.3596247455,12.5402320443,5.327476179,4.8532013799,4.9916201145,2.3595544854,12.5440845241,5.3276646283,4.8555248336,4.9909779229,2.3608950622
MEK_34,-0.0521493754,-0.0284799857,-0.0462892471,0.0235499776,0.0226198573,-0.0769020364,-0.0408991025,-0.0606792637,0.0269704809,0.0246763298,-0.0828534994,-0.0448732439,-0.0637300661,0.0287687367,0.0257498107,-0.0521349433,-0.0281910441,-0.0459534486,0.0228992542,0.0220095494,16.5026481735,5.0677583287,7.815076435,3.1719971418,3.6198134098,16.528080237,5.0684011337,7.8373276013,3.1657927447,3.622351502,16.524442259,5.0681185695,7.8345450808,3.1670040249,3.6217786087,16.5226517895,5.0681940001,7.8328000662,3.1675954805,3.6216577231,16.536114735,5.0696098235,7.8422708268,3.1667835144,3.6242340847
MEK_35,-0.0155709002,-0.0013735551,-0.0146029785,0.01574182,0.0004056335,-0.0189456018,-0.0017010365,-0.0170146381,0.0157373801,-0.0002299271,-0.017473954,-0.0015936635,-0.016162325,0.0163710356,0.0002820345,-0.0167784375,-0.0014679151,-0.015381749,0.0153712676,7.12265457977868E-005,5.7124580002,0.8850105753,3.0204627655,0.9343886576,1.8069846595,5.7177992247,0.8857081109,3.021816526,0.934937369,1.8102745878,5.7170817433,0.8856731944,3.0216620316,0.9346481794,1.8097465172,5.7164448485,0.8856938759,3.0210836869,0.9350594732,1.8096672856,5.7267355431,0.8866689269,3.0282710927,0.9371831714,1.8117955234
MEK_36,0.0075184968,0.0001177683,0.0073824995,0.0073841968,1.82289358945864E-005,0.0071507871,7.39533288719395E-005,0.0071947039,0.0078509661,-0.0001178702,0.0071574669,0.0001299901,0.0069701284,0.0065923286,5.73484222784716E-005,0.0075753391,7.60312126906417E-005,0.0076390742,0.0086429273,-0.0001397663,2.7558500777,0.2442109511,1.4189394288,0.6618392825,1.0926996978,2.7501354109,0.2461807061,1.4095132259,0.6414980348,1.0944414789,2.7500002308,0.2462807149,1.4092746159,0.6415309026,1.0944449,2.7494958826,0.2463634009,1.4087397045,0.6407488729,1.0943927772,2.756035867,0.2466259022,1.4141760485,0.6458152122,1.0952339162
MEK_37,-0.1155170861,-0.0103416942,-0.0572453637,0.0257165239,-0.0479300282,-0.1139332031,-0.0103193345,-0.056026635,0.0257092094,-0.0475872336,-0.1085670449,-0.0102529729,-0.0523376046,0.02540992,-0.0459764674,-0.1191402877,-0.0104915741,-0.0594086763,0.0261957862,-0.0492400373,7.0533058433,1.293303745,3.9512930844,1.0068161546,1.8087090138,6.8821080186,1.2865149721,3.8252561662,1.0105273441,1.7703368803,6.8852631072,1.2871681049,3.8269586958,1.0106500576,1.7711363065,6.8895968006,1.2871047211,3.8302403094,1.0103900904,1.7722517701,6.7918985292,1.2720232591,3.7651901963,0.9952161354,1.7546850737
MEK_38,0.0324506903,-0.0015612374,0.0381206218,0.0368338394,-0.0041086941,0.0320117796,-0.0017383702,0.0380054567,0.0368308793,-0.004255307,0.0331564258,-0.0016725656,0.0389196954,0.0371963796,-0.0040907041,0.0317783142,-0.0016383462,0.0376929574,0.0368098396,-0.0042762969,2.2350601871,0.4219164064,1.1519454841,0.3698109783,0.6611982966,2.2515408777,0.4205204991,1.1697682247,0.3896035485,0.6612521539,2.2516143993,0.4206961266,1.1697260293,0.3894894883,0.6611922434,2.2508109174,0.4205703421,1.1692949795,0.3896713774,0.6609455959,2.2584876781,0.4211056139,1.1755858349,0.3926894169,0.6617962294
MEK_39,0.0010494462,-0.0023242304,0.0062252663,0.0044678704,-0.0028515897,-0.0073346194,-0.0068951907,0.0031562965,0.0042733394,-0.0035957252,-0.0018705628,-0.0044108216,0.005895217,0.0048631797,-0.0033549583,-0.004006919,-0.0046834551,0.0037057031,0.0038911084,-0.003029167,5.9754894071,3.4798324822,1.833914845,0.6932826623,0.6617420799,5.9734079165,3.4814667654,1.8288987667,0.6943153671,0.6630423844,5.9682103024,3.4802221599,1.8255655305,0.6943862757,0.662422612,5.9705293989,3.4805376265,1.8275565472,0.6946240187,0.6624352252,5.9784050041,3.4835636603,1.8312908715,0.6952887617,0.6635504724
MEK_41,0.00284227,-0.0001327463,0.0021704584,-1.58534748130716E-005,0.0008045579,0.0028922908,-0.000127852,0.0022036204,-1.45338653861752E-005,0.0008165225,0.0029238005,-0.0001314885,0.0022268999,-1.29220753206563E-005,0.0008283892,0.0028218772,-0.0001330609,0.002156341,-1.65866916108166E-005,0.0007985971,2.7358987902,0.2354433349,1.6183292227,0.0645071122,0.8821262325,2.744304285,0.2362245893,1.6239257294,0.0646610966,0.8841539663,2.7450203849,0.236275893,1.6244712348,0.0646754617,0.884273257,2.7444828006,0.236243258,1.6240456226,0.0646722958,0.88419392,2.7463850596,0.2365179998,1.6253694064,0.064695868,0.8844976535
MEK_42,0.001631171,0.001070169,0.0004915342,-3.09623661874123E-006,6.94677343116572E-005,0.001631171,0.001070169,0.0004915342,-3.09623661874123E-006,6.94677343116572E-005,0.001631171,0.001070169,0.0004915342,-3.09623661874123E-006,6.94677343116572E-005,0.001631171,0.001070169,0.0004915342,-3.09623661874123E-006,6.94677343116572E-005,2.6400459296,0.1996722167,1.4399062048,0.0914966622,1.0004675081,2.6522378517,0.2002774507,1.4499921036,0.0915312573,1.0019682973,2.6524883031,0.2003142842,1.4501345138,0.0915406307,1.0020395051,2.6525053087,0.2002886077,1.4502155975,0.0915299262,1.0020011035,2.6535461918,0.2005264089,1.4507480532,0.0915581984,1.0022717297
MEK_43,-0.0270060943,-0.0051810681,-0.0112334462,-0.0012596274,-0.0105915801,-0.037956893,-0.0066531138,-0.018654955,-0.002011289,-0.0126488242,-0.0263976439,-0.004715391,-0.0113232656,-0.0014361398,-0.0103589873,-0.0328554527,-0.0059594435,-0.0145999743,-0.001661894,-0.0122960349,5.8958571074,0.7315280484,3.6506907302,0.2645001796,1.5136383288,5.8610737084,0.7237695128,3.6213384395,0.2634373411,1.5159657561,5.8546764195,0.7235403587,3.6161474596,0.2629504063,1.5149886013,5.8577095203,0.7236658646,3.6183609874,0.262985236,1.5156826682,5.8753903471,0.7252136362,3.6331661102,0.2641282361,1.5170106007
MEK_7,7.98644216008991E-005,3.61815368370684E-006,5.75545073541067E-005,-0.000000008,1.86917605630856E-005,7.79727346639768E-005,-0.000002164,5.6828061279138E-005,0.000002216,2.33086485862235E-005,7.79727346639768E-005,-0.000002164,5.6828061279138E-005,0.000002216,2.33086485862235E-005,7.98644216008991E-005,3.61815368370684E-006,5.75545073541067E-005,-0.000000008,1.86917605630856E-005,0.4939639499,0.1064157605,0.2721144825,0.0544419591,0.1154337068,0.4956187363,0.1065145614,0.273427935,0.054436409,0.1156762399,0.4957170115,0.106516656,0.2735045485,0.0544417587,0.115695807,0.4956588907,0.106513325,0.2734590704,0.0544382749,0.1156864954,0.4957433077,0.1065449904,0.2734808815,0.0544421352,0.1157174358
MEK_9,0.0020324703,-0.0006583763,0.0030626019,3.84094075887052E-005,-0.0003717553,0.0061821615,-0.0009858278,0.0078157361,-2.52626565492612E-005,-0.0006477467,0.0049022294,-0.0009854247,0.0065394504,-2.39786194043799E-005,-0.0006517964,0.0049718029,-0.0009792715,0.006586926,-0.000022814,-0.0006358516,10.4116638212,3.0162730457,4.9190243528,0.5039270247,2.4763664227,10.4362597707,3.0175449644,4.9387599737,0.5037582887,2.4799548327,10.437365336,3.0176048057,4.9397978708,0.503737105,2.4799626595,10.4360280102,3.0175819929,4.9387345639,0.5036809849,2.4797114534,10.4342465538,3.0178353592,4.9366782725,0.5036754054,2.4797329221
WAN_1,0,0,0,0,0,0,0,0,0,0,0,0,0,0,0,0,0,0,0,0,4.1812098013,0.9495124642,2.2322605741,0.1527735426,0.999436763,4.2375108757,0.9550824478,2.2668142039,0.1538749616,1.015614224,4.2377697802,0.955156206,2.2669313619,0.1538948586,1.0156822124,4.2375260513,0.955086961,2.2668164653,0.1538764372,1.015622625,4.2375087067,0.9550868875,2.266798631,0.1538776124,1.0156231883
WAN_14,-115.5099917271,-53.4309948737,-47.7761088313,-45.7619273175,-14.3028880221,-115.6015322015,-53.4895404824,-47.7992318844,-45.8024240324,-14.3127598348,-115.5895741707,-53.4796862722,-47.7977452709,-45.7970029242,-14.3121426276,-115.5495329017,-53.4603386493,-47.7820446688,-45.7809356985,-14.3071495837,350.8090052595,175.4684990925,136.7884627894,113.3800393009,38.5520433776,315.6916685825,168.629416338,114.3197878273,107.8022647818,32.7424644172,315.6783348436,168.626556878,114.3119869121,107.798745009,32.7397910535,315.6729011713,168.6247702292,114.3094104494,107.7973458434,32.7387204928,315.6926554594,168.630125442,114.3201381704,107.8017937781,32.742391847
WAN_15,0,0,0,0,0,0,0,0,0,0,0,0,0,0,0,0,0,0,0,0,0.044759552,0.001659473,0.0405771259,0.0002188725,0.0025229532,0.0519050168,0.0019905644,0.0463997833,0.0002984871,0.0035146691,0.0519208344,0.0019913861,0.0464133415,0.0002986922,0.0035161068,0.0519099849,0.0019911219,0.0464034473,0.0002986006,0.0035154157,0.0519088077,0.0019910203,0.0464026568,0.0002985618,0.0035151307
WAN_16,-10.8127780867,-4.5935886424,-4.9949026973,-4.5765003782,-1.224286747,-10.8152456117,-4.5947219632,-4.995739522,-4.578594223,-1.2247841265,-10.8147595977,-4.594665427,-4.9954508531,-4.5780065322,-1.2246433176,-10.8171070425,-4.5956879664,-4.9965056395,-4.579017597,-1.2249134366,53.2947974435,19.6523545987,27.9097496307,21.4044997378,5.7326932141,55.9803627229,20.3799808989,29.5444534363,22.2071722121,6.0559283877,55.9844832407,20.3812494766,29.5466387964,22.2086403236,6.0565949677,55.9840853862,20.3811294374,29.5463902697,22.2084917,6.0565656792,55.9803195033,20.3801976875,29.5441377724,22.2075376359,6.0559840435
WAN_17,-47.1678963173,-25.9998551113,-17.5018746049,-16.8540807789,-3.6661666011,-47.2657967862,-26.0672775662,-17.5209897766,-16.9070091158,-3.6775294434,-47.2038312657,-26.0232922598,-17.5104596408,-16.8720911773,-3.6700793651,-47.2391447835,-26.0487288088,-17.5161994649,-16.8909148378,-3.6742165097,437.0219956736,239.5209650678,161.639965724,140.2797240169,35.8610648818,450.3911017135,244.334757986,168.0245906282,142.9867169186,38.0317530994,450.3891400509,244.3329044673,168.024485971,142.9853358272,38.0317496127,450.3941977089,244.3363183731,168.0251315395,142.9880869516,38.0327477962,450.3828754583,244.3319185207,168.0203421447,142.9848625622,38.0306147928
WAN_2,-0.2092197095,-0.0688041892,-0.1012691722,-0.0397034136,-0.0391463481,-0.2097718328,-0.0690932746,-0.1014616867,-0.0398612112,-0.0392168715,-0.2092197095,-0.0688041892,-0.1012691722,-0.0397034136,-0.0391463481,-0.2092197095,-0.0688041892,-0.1012691722,-0.0397034136,-0.0391463481,46.823874253,18.6444689213,21.168000613,9.5395937095,7.0114047187,48.2670370691,18.7600827573,22.1549910511,9.80901936,7.3519632607,48.2703315897,18.7617489815,22.1562937566,9.810008055,7.3522888516,48.2684546632,18.7607272214,22.1555891231,9.8094924216,7.3521383188,48.2682232548,18.7609915626,22.1552042061,9.8095461105,7.3520274861
WAN_3,-8.0893080954,-2.0328774071,-5.6192220052,-2.7810673654,-0.4372086831,-8.1742644774,-2.0900000389,-5.6380259903,-2.8252860795,-0.4462384482,-8.1008183777,-2.0391041739,-5.6234140884,-2.7861976699,-0.4383001153,-8.130757734,-2.0636865687,-5.6252507298,-2.8053977946,-0.4418204355,496.6282946326,219.5963492712,220.0173979079,133.5793715904,57.0145474535,503.5801579609,219.4354750406,226.2162823087,133.8558719352,57.9284006116,503.5983034789,219.4383272821,226.2320315758,133.8573208704,57.9279446211,503.5855059299,219.4362577427,226.2201993042,133.8564256472,57.929048883,503.5859078045,219.4364220322,226.2208986474,133.8561156571,57.9285871249
WAN_4,0,0,0,0,0,0,0,0,0,0,0,0,0,0,0,0,0,0,0,0,12.983645053,2.7617566089,7.1725592463,0.6986255281,3.0493291977,13.2359451469,2.765551057,7.2987015781,0.700957911,3.1716925118,13.236303361,2.7655840395,7.298899231,0.7009749042,3.1718200904,13.2360219251,2.7655564615,7.2987266393,0.7009618243,3.1717388244,13.2359202628,2.7655571577,7.2986415962,0.7009646199,3.1717215089
WAN_5,-0.1081242976,-0.0359977378,-0.0514539181,-0.0128727878,-0.0206726417,-0.1073730994,-0.0359148965,-0.050947957,-0.0129173186,-0.0205102459,-0.1077156721,-0.0359526751,-0.051178693,-0.012897011,-0.0205843041,-0.1075113499,-0.0359301426,-0.051041074,-0.0129091231,-0.0205401332,72.6294074218,28.9676698262,31.5464373995,10.5504106863,12.1153001961,76.7511028702,29.9558109515,33.6541505438,11.5433855826,13.1411413749,76.7575190361,29.9579523241,33.6570749008,11.5450638065,13.1424918112,76.7546024438,29.9569561812,33.6556796767,11.5444193225,13.141966586,76.7534215247,29.956766542,33.6548897468,11.5441383912,13.1417652359
WAN_6,-6.26086265189612E-005,-7.51229369874291E-006,-0.000055821,4.50497836490367E-007,7.24677183329214E-007,-6.26086265189612E-005,-7.51229369874291E-006,-0.000055821,4.50497836490367E-007,7.24677183329214E-007,-6.26086265189612E-005,-7.51229369874291E-006,-0.000055821,4.50497836490367E-007,7.24677183329214E-007,-6.26086265189612E-005,-7.51229369874291E-006,-0.000055821,4.50497836490367E-007,7.24677183329214E-007,7.3780917808,1.9462346553,3.5175173424,0.2315301174,1.9143397832,7.4620232194,1.9553521521,3.5693579981,0.2328248317,1.9373130691,7.4624092932,1.955477328,3.5695322952,0.2328479462,1.9373996699,7.4620440232,1.9553592045,3.5693606496,0.2328267239,1.9373241691,7.4620185171,1.9553598683,3.5693342195,0.2328280015,1.9373244292
WAN_7,-0.1503146985,-0.07158076,-0.0629737738,-0.0369074005,-0.0157601648,-0.1747367755,-0.0875533725,-0.0684641503,-0.0457282213,-0.0187192527,-0.1592457162,-0.0773586532,-0.0650555686,-0.0400709036,-0.0168314944,-0.1635272384,-0.0803094411,-0.0658529473,-0.0417489175,-0.0173648501,142.2371499157,79.9309050066,45.3480013033,41.3542912599,16.9582436058,145.4486696615,80.2245178938,47.7021044433,41.7712680041,17.5220473244,145.4466069142,80.2228690745,47.7017134132,41.7712882642,17.5220244264,145.4475993981,80.2237025309,47.7018332915,41.771193843,17.5220635758,145.4461462928,80.223383425,47.700789705,41.7712127366,17.5219731628
WAN_8,-5.3693756367,-1.5126581579,-3.5852599347,-1.0586961758,-0.2714575441,-5.3640572437,-1.5376467748,-3.6359416857,-1.0782906041,-0.1904687832,-5.366272403,-1.5132470796,-3.586309755,-1.0588031865,-0.2667155684,-5.3649724654,-1.5126059522,-3.5861137143,-1.0581037382,-0.2662527989,252.6419785169,88.8755896354,130.9153538203,44.0425499755,32.8510350612,254.1988682364,88.8639840898,132.3235147576,44.0829772236,33.0113693891,254.1765249895,88.8609565678,132.3044709909,44.0817570267,33.0110974307,254.200791754,88.8641124394,132.3250127192,44.0831617743,33.0116665953,254.1991123863,88.864130509,132.3233318907,44.0833828709,33.0116499866
WAN_9,-0.7999544083,-0.3064090979,-0.4472279168,-0.2789528985,-0.0463173936,-0.8000276415,-0.3065297605,-0.4470826679,-0.2791459702,-0.0464152131,-0.7999544083,-0.3064090979,-0.4472279168,-0.2789528985,-0.0463173936,-0.7999177911,-0.3063487656,-0.4473005425,-0.278856361,-0.046268483,102.998393996,31.9238382172,50.2242573025,13.9510261625,20.8502984763,104.3762502238,31.9778006611,51.3993922195,14.0180222909,20.9990573432,104.3829558873,31.9790288266,51.4040682328,14.0184789163,20.9998588279,104.3769628597,31.9778349341,51.3999872046,14.0180734105,20.999140721,104.3765853214,31.9778721835,51.3996313924,14.0180959621,20.9990817454
