field_name,ef_value_imp_bas_nocons_comprov,ef_value_imp_bas_nocons_wildprov,ef_value_imp_bas_nocons_regprov,ef_value_imp_bas_nocons_totef,ef_value_imp_s1_2050_nocons_comprov,ef_value_imp_s1_2050_nocons_wildprov,ef_value_imp_s1_2050_nocons_regprov,ef_value_imp_s1_2050_nocons_totef,ef_value_change_s1_2050_nocons_comprov,ef_value_change_s1_2050_nocons_wildprov,ef_value_change_s1_2050_nocons_regprov,ef_value_change_s1_2050_nocons_totef,ef_value_imp_s2_2050_nocons_comprov,ef_value_imp_s2_2050_nocons_wildprov,ef_value_imp_s2_2050_nocons_regprov,ef_value_imp_s2_2050_nocons_totef,ef_value_change_s2_2050_nocons_comprov,ef_value_change_s2_2050_nocons_wildprov,ef_value_change_s2_2050_nocons_regprov,ef_value_change_s2_2050_nocons_totef,ef_value_imp_s3_2050_nocons_comprov,ef_value_imp_s3_2050_nocons_wildprov,ef_value_imp_s3_2050_nocons_regprov,ef_value_imp_s3_2050_nocons_totef,ef_value_change_s3_2050_nocons_comprov,ef_value_change_s3_2050_nocons_wildprov,ef_value_change_s3_2050_nocons_regprov,ef_value_change_s3_2050_nocons_totef,ef_value_imp_s4_2050_nocons_comprov,ef_value_imp_s4_2050_nocons_wildprov,ef_value_imp_s4_2050_nocons_regprov,ef_value_imp_s4_2050_nocons_totef,ef_value_change_s4_2050_nocons_comprov,ef_value_change_s4_2050_nocons_wildprov,ef_value_change_s4_2050_nocons_regprov,ef_value_change_s4_2050_nocons_totef
GLR_131,0.002926848,0.001915499,0.00376396,0.008606307,0.00294655,0.00161284,0.005456661,0.010016051,0.000329498,-0.0000983,-0.000132565,0.0000987,0.002916621,0.0016196,0.005477692,0.010013914,0.000299258,-0.0000983,-0.000132565,0.0000684,0.002786069,0.001779436,0.006272049,0.010837554,0.000232943,-0.0000983,-0.000132565,0.00000211,0.002723075,0.001786645,0.006539045,0.011048765,0.000126896,-0.000101616,-0.000144735,-0.000119455
GLR_133,0.003182323,0.005851908,0.015732595,0.024766826,0.003988441,0.002499355,0.001817053,0.008304849,0.001225457,-0.003035815,-0.014540648,-0.016351006,0.003961527,0.002549092,0.001824131,0.00833475,0.001199564,-0.002991764,-0.014540648,-0.016332847,0.003651923,0.003200643,0.002092594,0.00894516,0.000959466,-0.002583283,-0.014540648,-0.016164465,0.003294212,0.003969537,0.002190134,0.009453883,0.000511912,-0.001821854,-0.014540648,-0.015850591
GLR_134,0.005934252,0.015627291,0.040825898,0.062387442,0.011046665,0.012273413,0.031969304,0.055289382,0.006273843,-0.001808377,-0.019413447,-0.014947981,0.011087692,0.012213307,0.031545021,0.054846019,0.006329962,-0.001933232,-0.019787022,-0.015390292,0.011017687,0.012818656,0.032940321,0.056776663,0.006561339,-0.002538996,-0.021667675,-0.017645332,0.011104819,0.012894094,0.034442073,0.058440986,0.006519048,-0.002538996,-0.021667675,-0.017687623
GLR_135,0.00136637,0.008768367,0.024358758,0.034493495,0.00372486,0.006644983,0.017514127,0.02788397,0.002750117,-0.00128299,-0.012615469,-0.011148342,0.003758698,0.00657247,0.017082331,0.027413499,0.002791166,-0.001393892,-0.012956521,-0.011559246,0.003752991,0.00698169,0.018462133,0.029196814,0.002890044,-0.001638385,-0.01359438,-0.012342721,0.003796448,0.007024668,0.0193081,0.030129217,0.002891089,-0.001636607,-0.013589626,-0.012335144
GLR_138,0.007551729,0.011679862,0.030241525,0.049473116,0.005231858,0.007754389,0.004132636,0.017118883,-0.001769801,-0.002942777,-0.027561279,-0.032273856,0.005629168,0.00711282,0.004188141,0.016930129,-0.001325246,-0.003699101,-0.027534635,-0.032558983,0.00579327,0.007241876,0.004256003,0.01729115,-0.000981354,-0.004284168,-0.027878466,-0.033143987,0.005549079,0.0078669,0.004464115,0.017880094,-0.001328814,-0.003693031,-0.027878466,-0.032900311
GLR_139,0.006829409,0.011884404,0.028272652,0.046986464,0.004722828,0.011206232,0.015565778,0.031494839,-0.001610029,0.000661078,-0.018008255,-0.018957206,0.004643254,0.011248882,0.015290758,0.031182895,-0.001693455,0.000660209,-0.018237611,-0.019270857,0.004862146,0.011533009,0.015350353,0.031745507,-0.001315058,-0.000127565,-0.019573144,-0.021015767,0.004911962,0.01161993,0.01610902,0.032640912,-0.001320977,-0.000106369,-0.019558264,-0.02098561
GLR_142,0.00630032,0.011612922,0.02439004,0.042303283,0.005950127,0.010372247,0.017134049,0.033456423,0.000275395,-0.000258561,-0.012987301,-0.012970468,0.006037562,0.010205384,0.015739223,0.031982169,0.000377892,-0.000484275,-0.013986634,-0.014093017,0.006475115,0.009760318,0.01242644,0.028661872,0.001043361,-0.001733779,-0.017372935,-0.018063353,0.006534187,0.009850651,0.013068648,0.029453487,0.001027327,-0.001691828,-0.017346283,-0.018010785
GLR_144,0.014003509,0.015615955,0.038899768,0.068519232,0.009718813,0.013006131,0.006692016,0.02941696,-0.003262874,-0.001017123,-0.034564188,-0.038844185,0.010565818,0.011624208,0.006533007,0.028723034,-0.002316544,-0.002627122,-0.034691495,-0.03963516,0.010830151,0.011740386,0.005648296,0.028218833,-0.00172061,-0.003640989,-0.035836393,-0.041197992,0.011707573,0.010389994,0.005937101,0.028034668,-0.000874261,-0.005080888,-0.035836393,-0.041791543
GLR_152,0.004434579,0.007110598,0.017012081,0.028557258,0.003269373,0.008061702,0.012744459,0.024075534,-0.000821469,0.001895778,-0.008502448,-0.007428139,0.003264666,0.008096444,0.012583392,0.023944502,-0.000823497,0.001899229,-0.008646031,-0.007570299,0.003805675,0.007667889,0.010170699,0.021644263,-0.000118414,0.000699666,-0.011194996,-0.010613744,0.003824526,0.007756783,0.010647958,0.022229268,-0.000145633,0.000745973,-0.011194996,-0.010594656
GLR_199,0.0000557,0.042767022,0.040781054,0.083603799,0.0000426,0.043225752,0.056557512,0.099825902,-0.0000086,-0.000199406,-0.000336789,-0.000544797,0.0000287,0.043242814,0.056721305,0.099992778,-0.000024,-0.000191066,-0.000353826,-0.000568915,0.0000416,0.04326382,0.063464988,0.106770359,-0.0000086,-0.00021731,-0.000353826,-0.000579733,0.000042,0.043360173,0.065862256,0.109264451,-0.0000086,-0.00021731,-0.000353826,-0.000579733
GLR_200,0.000241471,0.021995367,0.020921035,0.043157874,0.000260378,0.020872832,0.027351758,0.048484968,0.0000463,-0.00143818,-0.001367608,-0.002759505,0.000259557,0.020784392,0.027318888,0.048362837,0.0000456,-0.001530919,-0.001455796,-0.002941086,0.000243452,0.020679155,0.030382012,0.051304619,0.0000346,-0.001656888,-0.001575584,-0.003197835,0.00021663,0.020350047,0.030960548,0.051527224,0.00000146,-0.002025072,-0.0019257,-0.003949307
GLR_211,0.007190855,0.010499572,0.016301131,0.033991558,0.009873782,0.010621462,0.022696356,0.0431916,0.003721042,0.001096404,-0.001099429,0.003718018,0.009861791,0.01060666,0.022718441,0.043186892,0.003717378,0.001048109,-0.001145354,0.003620133,0.009598173,0.011387225,0.02594446,0.046929858,0.003694809,0.001033039,-0.001159685,0.003568164,0.009670597,0.01136855,0.027003692,0.048042839,0.003654062,0.00095796,-0.00123108,0.003380943
GLR_226,0.002107772,0.002461307,0.001517044,0.006086123,0.002817568,0.001275366,0.002077671,0.006170605,0.001006031,-0.001024316,-0.000196495,-0.000214781,0.002815092,0.001280712,0.0020863,0.006182104,0.001006031,-0.001024316,-0.000196495,-0.000214781,0.002745521,0.001407104,0.002419364,0.006571988,0.001006031,-0.001024316,-0.000196495,-0.000214781,0.002776631,0.001415413,0.00254115,0.006733193,0.001006031,-0.001024316,-0.000196495,-0.000214781
GLR_229,0.009300713,0.004113102,0.004715387,0.018129202,0.014659679,0.003263749,0.007061712,0.024985141,0.006900264,-0.000435745,-0.000059,0.006405474,0.014646795,0.003277429,0.007088525,0.025012749,0.006900264,-0.000435745,-0.000059,0.006405474,0.014284822,0.003600874,0.008098721,0.025984417,0.006900264,-0.000435745,-0.000059,0.006405474,0.014446686,0.003622137,0.008464979,0.026533802,0.006900264,-0.000435745,-0.000059,0.006405474
GLR_277,0.000144519,0.000898271,0.003077536,0.004120326,0.000130754,0.000878676,0.00449318,0.005502609,-1.84E-008,0.0000918,-0.000000337,0.0000914,0.000130639,0.000882359,0.004509569,0.005522566,-1.84E-008,0.0000918,-0.000000337,0.0000914,0.00012741,0.000969437,0.005118048,0.006214896,-1.84E-008,0.0000918,-0.000000337,0.0000914,0.000128854,0.000975162,0.005337202,0.006441218,-1.84E-008,0.0000918,-0.000000337,0.0000914
GLR_278,0.001024968,0.0029674,0.008938002,0.01293037,0.000759713,0.002419093,0.01009827,0.013277076,-0.00018538,-0.00024174,-0.002062756,-0.002489877,0.000759045,0.002429232,0.010135515,0.013323792,-0.00018538,-0.000241741,-0.002062756,-0.002489877,0.001035764,0.002092263,0.010020646,0.013148673,0.000149733,-0.000830697,-0.002969127,-0.003650091,0.001059037,0.002082937,0.010272963,0.013414937,0.00016267,-0.000852708,-0.003075757,-0.003765794
GLR_279,0.00000431,0.00013904,0.000427559,0.000570913,0.0000039,0.00012339,0.00062776,0.000755052,-3.09E-012,-1.36E-008,-4.95E-008,-6.31E-008,0.0000039,0.000123907,0.000630071,0.000757877,-3.09E-012,-1.36E-008,-4.95E-008,-6.31E-008,0.0000038,0.000136135,0.000716131,0.000856069,-3.09E-012,-1.36E-008,-4.95E-008,-6.31E-008,0.00000385,0.000136939,0.000747166,0.000887951,-3.09E-012,-1.36E-008,-4.95E-008,-6.31E-008
GLR_281,0.003485933,0.006970088,0.025236221,0.035692242,0.002798623,0.006608519,0.035566736,0.044973878,-0.000393067,0.000475914,-0.000824744,-0.000741896,0.002799738,0.006630222,0.03569585,0.045125811,-0.000389112,0.000469186,-0.000824744,-0.00074467,0.002779993,0.006893996,0.038654546,0.048328536,-0.000333033,0.0000703,-0.001927213,-0.002189908,0.002811494,0.006811833,0.039516314,0.049139641,-0.000333033,-0.0000544,-0.002380442,-0.002767883
GLR_282,0.003640048,0.016384382,0.053231387,0.073255817,0.00670384,0.010269931,0.051732383,0.068706154,0.003768624,-0.004812966,-0.017850739,-0.018895081,0.00670758,0.010296822,0.051882526,0.068886928,0.003779278,-0.004831092,-0.0178774,-0.018929214,0.007153733,0.01014966,0.050765408,0.068068801,0.00447328,-0.006019141,-0.022785863,-0.024331724,0.007388344,0.009911927,0.050805438,0.068105709,0.004645478,-0.006321347,-0.024025263,-0.025701132
GLR_283,0.004991415,0.008680782,0.030410109,0.044082307,0.008191391,0.006130976,0.0309886,0.045310967,0.004061207,-0.001772841,-0.0091908,-0.006902434,0.008222923,0.006091715,0.031062227,0.045376865,0.004104048,-0.001845726,-0.009217467,-0.006959146,0.008163482,0.006357121,0.03358511,0.048105713,0.00426711,-0.002188635,-0.010212109,-0.008133633,0.008167888,0.006503297,0.034786692,0.049457877,0.004168316,-0.002078342,-0.010345429,-0.008255455
GLR_284,0.007775517,0.009071858,0.022513609,0.039360985,0.010495573,0.00459931,0.019082108,0.034176992,0.003823546,-0.003889688,-0.009843439,-0.009909581,0.010486349,0.004618588,0.01915318,0.034258117,0.003823546,-0.003889688,-0.009843439,-0.009909581,0.010214216,0.004887221,0.020824185,0.035925622,0.003808826,-0.004080832,-0.010421653,-0.01069366,0.010339234,0.004573359,0.020163157,0.03507575,0.003819231,-0.004428778,-0.01130492,-0.011914467
GLR_285,0.008115165,0.005234271,0.013297812,0.026647248,0.01088283,0.000874925,0.003476866,0.015234621,0.003911871,-0.004248469,-0.010992511,-0.011329108,0.010873265,0.000878593,0.003489801,0.015241659,0.00391187,-0.004248468,-0.010992511,-0.011329108,0.01053003,0.000958441,0.003282492,0.014770963,0.003827355,-0.004255472,-0.011395815,-0.011823933,0.010713167,0.000735709,0.002900412,0.014349288,0.003898924,-0.004487346,-0.011690321,-0.012278743
GLR_286,0.008070808,0.030717902,0.109540262,0.148328972,0.008661137,0.026135573,0.152759914,0.187556624,0.001500949,-0.001270226,-0.004713717,-0.004482994,0.008624693,0.026241156,0.152964081,0.18782993,0.001469058,-0.001274672,-0.004953659,-0.004759273,0.008864098,0.024624465,0.144604964,0.178093527,0.001982313,-0.00557041,-0.022378852,-0.025966949,0.008551228,0.024962926,0.145068741,0.178582894,0.001518813,-0.005374414,-0.025675159,-0.02953076
GLR_287,0.005339262,0.005515947,0.019514358,0.030369567,0.006478073,0.005648026,0.026686082,0.038812181,0.001819906,0.000847841,-0.001240661,0.001427086,0.006485661,0.005649425,0.026783057,0.038918143,0.001834596,0.000822848,-0.001240661,0.001416784,0.006416268,0.00586112,0.028586328,0.040863716,0.001937678,0.000469664,-0.002322647,0.0000847,0.006485124,0.005740117,0.02876701,0.040992251,0.001933363,0.000311679,-0.002923314,-0.000678272
GLR_288,0.009161847,0.036660826,0.120452337,0.16627501,0.012993054,0.025595303,0.139986361,0.178574718,0.005197277,-0.007821887,-0.024892933,-0.027517543,0.013102682,0.02547971,0.139009478,0.17759187,0.005331169,-0.008071957,-0.025910536,-0.028651324,0.01463494,0.023045951,0.118749032,0.156429923,0.007436211,-0.013125375,-0.049454851,-0.055144015,0.015085265,0.021655664,0.099924542,0.136665472,0.007755253,-0.014675019,-0.063298674,-0.07021844
GLR_289,0.005655468,0.018432872,0.066807524,0.090895864,0.006687424,0.012528503,0.068612991,0.087828919,0.001735062,-0.00431666,-0.019709629,-0.022291226,0.006718446,0.012460465,0.068298165,0.087477076,0.001775877,-0.00445192,-0.020095375,-0.022771418,0.006075808,0.012997057,0.0610223,0.080095165,0.001235344,-0.005159756,-0.030008499,-0.033932911,0.00623547,0.011972831,0.054213897,0.072422197,0.001337187,-0.006277514,-0.035450453,-0.04039078
GLR_290,0.012402438,0.025248121,0.08756477,0.125215329,0.013706509,0.020209742,0.095107458,0.129023709,0.002745154,-0.002477244,-0.022348155,-0.022080246,0.013953142,0.019834429,0.095141359,0.128928929,0.003031282,-0.002993398,-0.022561501,-0.022523617,0.016143,0.015933785,0.074645237,0.106722022,0.005905971,-0.0089759,-0.042635413,-0.045705342,0.016380505,0.015376352,0.0731337,0.104890556,0.005967186,-0.009637355,-0.045353623,-0.049023792
GLR_291,0.005404144,0.008886933,0.032205276,0.046496352,0.003690888,0.009302709,0.042331624,0.055325221,-0.001325201,0.001594688,-0.00314694,-0.002877453,0.003765627,0.009184731,0.042290299,0.055240657,-0.001238943,0.001418564,-0.003280328,-0.003100707,0.003884573,0.008841903,0.039510349,0.052236825,-0.000998497,0.000142774,-0.008377652,-0.009233375,0.003973566,0.007886302,0.035203745,0.047063613,-0.000948059,-0.000880403,-0.011842259,-0.013670721
GLR_292,0.009338011,0.001734922,0.005827072,0.016900005,0.012417474,0.003890283,0.006200973,0.02250873,0.004385018,0.002648367,-0.001597365,0.005436021,0.012324711,0.003958803,0.006223652,0.022507166,0.004294483,0.002706954,-0.001597365,0.005404072,0.01266269,0.002806328,0.005759573,0.021228591,0.005023242,0.001131013,-0.002385796,0.003768459,0.012706702,0.002461148,0.003887128,0.019054977,0.004911691,0.000763746,-0.003612742,0.002062696
GLR_293,0.011487839,0.010436312,0.037025819,0.05894997,0.013854151,0.012682581,0.049066117,0.07560285,0.003822918,0.003853504,-0.003394861,0.004281561,0.013859928,0.012692539,0.049127494,0.075679961,0.003842776,0.003805033,-0.003474906,0.004172903,0.014259261,0.011692406,0.046565823,0.07251749,0.004684147,0.001504443,-0.009001932,-0.002813342,0.014601033,0.011114612,0.044904744,0.070620389,0.004886228,0.000847743,-0.011112578,-0.005378607
GLR_294,0.014133562,0.007727787,0.003170038,0.025031388,0.018918064,0.004066076,0.004037555,0.027021695,0.00677352,-0.003146427,-0.000500566,0.003126528,0.018901438,0.004076572,0.00405298,0.02703099,0.00677352,-0.003153772,-0.000500566,0.003119182,0.018422897,0.004478883,0.004634814,0.027536594,0.006760567,-0.003153772,-0.000500566,0.003106229,0.01861625,0.004505331,0.004845795,0.027967375,0.006743297,-0.003153772,-0.000500566,0.003088959
GLR_295,0.006433577,0.003776535,0.002966634,0.013176746,0.009342063,0.001604105,0.003571669,0.014517837,0.003890697,-0.001969145,-0.000598772,0.00132278,0.009337756,0.001604282,0.003546441,0.014488479,0.003895014,-0.001976491,-0.000625461,0.001293062,0.009171831,0.001589739,0.002970883,0.013732453,0.003968556,-0.00215303,-0.001283889,0.000531637,0.009252317,0.001614236,0.003065521,0.013932073,0.003942267,-0.00213769,-0.001310579,0.000493999
GLR_296,0.008811791,0.007569282,0.027500887,0.04388196,0.006683225,0.008823125,0.019931589,0.035437939,-0.001425901,0.002371978,-0.013817377,-0.0128713,0.006690077,0.008758818,0.019527499,0.034976394,-0.001411824,0.00225833,-0.014143275,-0.01329677,0.007245429,0.006102672,0.00906394,0.022412041,-0.000594465,-0.001336989,-0.022033655,-0.023965108,0.006986326,0.006097782,0.005433419,0.018517527,-0.000977101,-0.001378539,-0.024357278,-0.026712918
GLR_297,0.009294962,0.014427618,0.040781897,0.064504477,0.011818704,0.00940271,0.04200888,0.063230294,0.003766344,-0.003833323,-0.012527492,-0.012594471,0.011807971,0.009442701,0.042135587,0.06338626,0.003765961,-0.003832672,-0.012546273,-0.012612983,0.011591136,0.01023292,0.047322709,0.069146766,0.003851,-0.003977349,-0.01288109,-0.013007439,0.011873291,0.010009929,0.047443363,0.069326583,0.004020127,-0.004265086,-0.013996988,-0.014241947
GLR_298,0.000399444,0.0000654,0.000237725,0.0007026,0.000312376,0.000181719,0,0.000494095,-0.0000542,0.000139317,-0.000237725,-0.000152633,0.000312101,0.000182481,0,0.000494582,-0.0000542,0.000139317,-0.000237725,-0.000152633,0.000302165,0.000204689,0,0.000506854,-0.0000567,0.000143606,-0.000237725,-0.000150865,0.000305589,0.000205898,0,0.000511487,-0.0000567,0.000143606,-0.000237725,-0.000150865
GLR_299,0.023243601,0.023742015,0.063336522,0.110322138,0.030461499,0.01407839,0.061813352,0.106353242,0.010420577,-0.007879502,-0.021891799,-0.019350724,0.030435885,0.014135457,0.062029154,0.106600496,0.010421857,-0.00788168,-0.021899713,-0.019359536,0.030181907,0.014395022,0.065066424,0.109643353,0.010986884,-0.009041241,-0.025164931,-0.023219289,0.030473249,0.014466723,0.066041331,0.110981303,0.010930078,-0.009054745,-0.026228072,-0.024352739
GLR_300,0.032811072,0.08430859,0.292292861,0.409412522,0.043311201,0.060269774,0.295324262,0.398905238,0.015053807,-0.016400962,-0.089820081,-0.091167236,0.043391871,0.060128288,0.292764083,0.396284242,0.015185141,-0.016843154,-0.09230626,-0.093964273,0.047372025,0.050605517,0.199302416,0.297279958,0.020915398,-0.032628204,-0.172427547,-0.184140353,0.048540258,0.047381574,0.161623194,0.257545026,0.021623531,-0.036204679,-0.199159023,-0.213740172
GLR_301,0.011143383,0.004542318,0.015631029,0.03131673,0.009519687,0.007842097,0.017255127,0.034616911,-0.000622811,0.004293591,-0.003823463,-0.000152683,0.009508045,0.007880457,0.017357121,0.034745623,-0.000626433,0.004299751,-0.003796785,-0.000123467,0.009545754,0.007370379,0.013505133,0.030421266,-0.000317169,0.002984609,-0.007534566,-0.004867126,0.009659321,0.007259042,0.013336276,0.030254639,-0.000311111,0.002827389,-0.007968399,-0.005452122
GLR_302,0.009470779,0.000561248,0.002020043,0.01205207,0.007233502,0.001854181,0.0000121,0.009099742,-0.001476757,0.001527909,-0.002012531,-0.00196138,0.007134448,0.00198468,0.0000121,0.00913124,-0.00157929,0.001665613,-0.002012531,-0.001926208,0.007327426,0.00137489,0.0000141,0.00871646,-0.001160458,0.000842845,-0.002012531,-0.002330144,0.00727182,0.001455382,0.0000149,0.008742091,-0.001315927,0.000916322,-0.002012531,-0.002412137
GLR_303,0.002583919,0.001428446,0.005189864,0.00920223,0.002879445,0.002979016,0.006290778,0.012149239,0.000598266,0.001928094,-0.000871095,0.001655265,0.002869105,0.0030046,0.00631361,0.012187315,0.000589628,0.00194279,-0.000871095,0.001661323,0.002884665,0.003130557,0.007115682,0.013130905,0.000687693,0.001768604,-0.000897791,0.001558505,0.002899265,0.003175796,0.007372281,0.013447341,0.000667409,0.001795765,-0.000924489,0.001538684
GLR_304,0.00536709,0.000322784,0.001172747,0.006862622,0.003649225,0.002385836,0.000505588,0.006540649,-0.001334191,0.002365404,-0.000825649,0.000205564,0.003620345,0.002438894,0.000507423,0.006566662,-0.001362588,0.002413716,-0.000825649,0.000225479,0.003759642,0.002153806,0,0.005913448,-0.001103133,0.001876769,-0.001172747,-0.000399112,0.003806095,0.002159285,0,0.00596538,-0.001098813,0.001869419,-0.001172747,-0.000402141
GLR_305,0.007585663,0.003379699,0.010115834,0.021081196,0.009032466,0.003613638,0.005392246,0.01803835,0.002396464,0.000691887,-0.006436967,-0.003348617,0.009026999,0.003624638,0.005411876,0.018063514,0.002399198,0.000687235,-0.006436967,-0.003350535,0.009193887,0.003225113,0.005114251,0.017533251,0.002841485,-0.0000861,-0.007056095,-0.004300695,0.009355028,0.003115394,0.004687076,0.017157498,0.002905365,-0.000216811,-0.007429887,-0.004741333
GLR_306,0.007065592,0.001292521,0.004658096,0.013016209,0.006509257,0.004242241,0.005905673,0.016657171,0.000128039,0.003487329,-0.000605234,0.003010134,0.006503535,0.004260022,0.005927124,0.016690682,0.000128038,0.00348733,-0.000605234,0.003010134,0.006607937,0.004142687,0.006495942,0.017246566,0.000428729,0.002938157,-0.000741865,0.002625021,0.006691551,0.00412629,0.006616794,0.017434635,0.000438528,0.002896674,-0.000832012,0.00250319
GLR_307,0.001697384,0.0000468,0.000045,0.001789153,0.000587776,0.001675286,0.0000645,0.002327529,-0.00104781,0.001835135,-1.25E-008,0.000787312,0.000587259,0.001682151,0.0000647,0.002334103,-0.00104781,0.001835135,-1.25E-008,0.000787312,0.000614482,0.001765383,0.000073,0.002452835,-0.001000476,0.001754605,-1.25E-008,0.000754116,0.000621445,0.00177566,0.0000759,0.00247304,-0.001000476,0.001754605,-1.25E-008,0.000754116
GLR_308,0.006087891,0.000420203,0.000929486,0.00743758,0.00278904,0.005956685,0.000602401,0.009348126,-0.003005616,0.006259196,-0.00050742,0.002746161,0.002772849,0.006003808,0.000604495,0.009381152,-0.003020813,0.006285052,-0.00050742,0.002756819,0.002966207,0.006060925,0.000681002,0.009708134,-0.0027238,0.005760894,-0.00050742,0.002529675,0.002971611,0.006084571,0.000708381,0.009764563,-0.002755431,0.005749411,-0.00050742,0.00248656
GLR_309,0.041558289,0.046266134,0.127715048,0.215539471,0.049635818,0.044706406,0.145889487,0.24023171,0.013296167,0.003858594,-0.029332005,-0.012177244,0.049590129,0.044894948,0.146310869,0.240795946,0.013293883,0.003867549,-0.029412103,-0.012250671,0.049475764,0.046823176,0.163920446,0.260219386,0.014554114,0.001485751,-0.030900171,-0.014860306,0.049912048,0.046993612,0.169910503,0.266816164,0.014414682,0.00138459,-0.031567746,-0.015768475
GLR_310,0.008474907,0.022632083,0.070791769,0.101898759,0.008607549,0.017208867,0.058306672,0.084123088,0.001037628,-0.003589997,-0.030777654,-0.033330023,0.008514442,0.017375568,0.058163847,0.084053857,0.000943009,-0.003473122,-0.031020218,-0.033550332,0.008926726,0.01627696,0.052614936,0.077818622,0.001649243,-0.006101953,-0.039074894,-0.043527604,0.007741412,0.018437399,0.052322033,0.078500845,0.000206561,-0.003997003,-0.040541121,-0.044331563
GLR_311,0.006426783,0.00111178,0.00301919,0.010557753,0.002130678,0.007096931,0.002910649,0.012138258,-0.004072088,0.006830587,-0.001007466,0.001751033,0.002128806,0.007118637,0.002921066,0.012168509,-0.004072088,0.006823236,-0.001007466,0.001743683,0.002068576,0.007727193,0.00330545,0.013101219,-0.004080729,0.006765177,-0.001007466,0.001676982,0.002076604,0.007709759,0.003443553,0.013229917,-0.004098012,0.006702574,-0.001007466,0.001597096
GLR_312,0.018204618,0.010999056,0.039923755,0.069127429,0.024054869,0.010006013,0.014178042,0.048238924,0.008379345,0.000274998,-0.030191729,-0.021537387,0.024014244,0.010067525,0.01419047,0.048272239,0.008357794,0.000296958,-0.030218439,-0.021563686,0.023213491,0.010759908,0.013173953,0.047147352,0.008122712,-0.0000106,-0.031979467,-0.02386736,0.023512496,0.010443131,0.013362673,0.047318301,0.008163049,-0.000396718,-0.032194733,-0.024428401
GLR_313,0.013290494,0.030430334,0.1056258,0.149346627,0.010997947,0.021724587,0.068728112,0.101450646,-0.001136239,-0.005952642,-0.058487818,-0.065576699,0.010803266,0.022001447,0.068197045,0.101001759,-0.001340886,-0.005744166,-0.059022057,-0.066107109,0.01170702,0.017237314,0.044411777,0.073356111,-0.0000131,-0.012826898,-0.07889773,-0.091737732,0.010091359,0.019827837,0.040891976,0.070811171,-0.001973721,-0.01030022,-0.082032344,-0.094306285
GLR_314,0.03451631,0.011662529,0.036145097,0.082323936,0.017037212,0.036185989,0.014085641,0.067308841,-0.01568783,0.029056797,-0.026675652,-0.013306685,0.016994891,0.036246517,0.014138874,0.067380282,-0.015718079,0.028956156,-0.026675652,-0.013437575,0.016743295,0.038352063,0.016137608,0.071232966,-0.015527083,0.027490178,-0.026675652,-0.014712557,0.016213234,0.037859364,0.016860685,0.070933283,-0.01633427,0.026761426,-0.026675652,-0.016248496
GLR_315,0.03124021,0.035168955,0.118800226,0.185209391,0.012156565,0.050148419,0.035005601,0.097310585,-0.017805522,0.021016938,-0.09465108,-0.091439664,0.012124102,0.050148797,0.035078911,0.09735181,-0.017829611,0.020791358,-0.094688484,-0.091726737,0.010999693,0.053710281,0.031279938,0.095989912,-0.018765027,0.019597547,-0.099786413,-0.098953893,0.01071263,0.052342201,0.029767908,0.092822739,-0.019226723,0.017894982,-0.101434681,-0.102766422
GLR_316,0.015407473,0.000657042,0.001258649,0.017323164,0.016480889,0.001807521,0.001315738,0.019604149,0.002806193,0.001379542,-0.0004007,0.003785035,0.016466405,0.001815097,0.001321007,0.019602508,0.002806193,0.001379542,-0.0004007,0.003785035,0.015987063,0.001911452,0.000835887,0.018734402,0.002724082,0.00129501,-0.000814681,0.003204411,0.01607958,0.001922739,0.000879951,0.01888227,0.002624684,0.00129501,-0.000814681,0.003105013
GLR_317,0.035876034,0.080145578,0.197993044,0.314014657,0.034817355,0.086388409,0.218587466,0.33979323,0.002601968,0.014686981,-0.048903348,-0.0316144,0.03475361,0.086664924,0.219468713,0.340887247,0.002565305,0.01466848,-0.048849926,-0.03161614,0.034096993,0.092509217,0.245284661,0.371890872,0.002794702,0.013661948,-0.051314024,-0.034857374,0.033665383,0.093608208,0.255439708,0.382713298,0.001877405,0.014291052,-0.051578143,-0.035409686
GLR_318,0.000276585,0.072389553,0.069143571,0.141809709,0.000297082,0.073601819,0.096474266,0.170373166,0.0000517,0.000109195,-0.000160986,-5.95E-008,0.00029835,0.073600523,0.096733212,0.170632085,0.0000534,0.0000872,-0.000203642,-0.000063,0.000303167,0.073600178,0.108029288,0.181932633,0.0000672,-0.000000323,-0.000331665,-0.00026474,0.00030647,0.073726404,0.112024729,0.186057603,0.0000671,-0.0000379,-0.000382925,-0.000353693
GLR_319,0.00000104,0.014729353,0.01412368,0.02885407,0.000000937,0.014974638,0.019755672,0.034731248,2.16E-010,0.000021,-5.46E-009,0.000021,0.000000937,0.014978849,0.019821273,0.034801059,2.16E-010,0.000021,-5.46E-009,0.000021,0.000000913,0.014996796,0.022179765,0.037177475,2.16E-010,0.000021,-5.46E-009,0.000021,0.000000924,0.014884044,0.022795986,0.037680954,2.16E-010,-0.000122517,-0.000136476,-0.000258993
GLR_320,0.002804123,0.040856088,0.039582058,0.083242269,0.002487943,0.043036276,0.055034884,0.100559102,-0.0000546,0.001770382,-0.000249404,0.001466376,0.002485756,0.043054858,0.055217773,0.100758387,-0.0000546,0.001770382,-0.000249404,0.001466376,0.002461574,0.043164656,0.061588111,0.107214341,-0.0000124,0.001664178,-0.00037413,0.001277693,0.00249416,0.043210341,0.063610165,0.109314667,-0.00000709,0.001606227,-0.000552146,0.00104699
GLR_321,0.0000446,0.006574906,0.006392164,0.013011649,0.0000717,0.006666102,0.008859133,0.015596908,0.0000346,-0.00000654,-0.000061,-0.0000329,0.0000716,0.006668035,0.008888576,0.015628222,0.0000346,-0.00000654,-0.000061,-0.0000329,0.0000688,0.006679354,0.009947481,0.016695684,0.0000335,-0.00000463,-0.000061,-0.0000321,0.0000706,0.006692455,0.010323988,0.017087077,0.0000346,-0.00000654,-0.000061,-0.0000329
GLR_322,0.000600084,0.001305853,0.001273141,0.003179078,0.000668937,0.001607323,0.001785106,0.004061366,0.000139185,0.000319101,1.12E-008,0.000458297,0.000690381,0.001571975,0.001791054,0.004053409,0.000163554,0.000277641,1.12E-008,0.000441206,0.000691893,0.001563975,0.002005192,0.00426106,0.00018462,0.000241802,1.12E-008,0.000426433,0.000699733,0.001568383,0.00208137,0.004349486,0.00018462,0.000241802,1.12E-008,0.000426433
GLR_323,0.007488783,0.001472749,0.003698695,0.012660227,0.002828158,0.008475724,0.001261936,0.012565817,-0.004363276,0.007989495,-0.002810584,0.000815635,0.002817858,0.008489174,0.001266274,0.012573307,-0.004371919,0.007967439,-0.002810584,0.000784935,0.002633988,0.009317072,0.001424193,0.013375252,-0.004501474,0.008018898,-0.002810584,0.00070684,0.002555865,0.009088251,0.001294853,0.012938969,-0.004622554,0.007737198,-0.00292465,0.000189994
GLR_324,0.007681171,0.023205558,0.054573165,0.085459894,0.007982379,0.023219835,0.060764247,0.091966462,0.001140464,0.002307654,-0.013208654,-0.009760536,0.007889819,0.023434275,0.061116437,0.092440531,0.001045842,0.00246213,-0.013121977,-0.009614004,0.00814995,0.023865717,0.064779099,0.096794767,0.001562006,0.000997484,-0.015968503,-0.013409013,0.007930268,0.024306875,0.067707719,0.099944862,0.001212086,0.001319362,-0.015906923,-0.013375476
GLR_325,0.060514822,0.088534716,0.299561005,0.448610543,0.056339384,0.075190518,0.218801057,0.350330959,0.001748004,-0.004165508,-0.149531711,-0.151949215,0.056005721,0.075780238,0.218620993,0.350406953,0.001433705,-0.003846601,-0.150199453,-0.152612349,0.055982243,0.071735038,0.189149311,0.316866592,0.002976834,-0.015369213,-0.185711869,-0.198104248,0.053954665,0.074223922,0.180040552,0.308219139,-0.00000833,-0.013263221,-0.195657803,-0.208929355
GLR_326,0.023911914,0.024425033,0.088233098,0.136570044,0.021711944,0.024878999,0.115496007,0.16208695,0.0000828,0.00359744,-0.008966837,-0.005286604,0.021659225,0.02501325,0.115759216,0.162431692,0.0000456,0.003631361,-0.009073572,-0.005396624,0.021350007,0.024064271,0.113065688,0.158479966,0.000301966,0.000147868,-0.020060223,-0.019610388,0.021299179,0.024445937,0.116014607,0.161759724,-0.0000263,0.000391333,-0.021138052,-0.02077305
GLR_327,0.016159502,0.020734963,0.074028029,0.110922494,0.015252584,0.021777514,0.101009301,0.138039399,0.000696717,0.003796531,-0.004786178,-0.000292931,0.015254791,0.0218359,0.101337156,0.138427847,0.000713985,0.003759806,-0.004812867,-0.000339076,0.014957524,0.022215807,0.104968765,0.142142096,0.000804412,0.001951157,-0.010825141,-0.008069572,0.014743052,0.022379987,0.105051706,0.142174745,0.000373829,0.001984809,-0.013364411,-0.011005773
GLR_328,0.011347266,0.013141283,0.040718627,0.065207176,0.011242116,0.019849207,0.058822015,0.089913338,0.00107683,0.008949676,-0.000330652,0.009695853,0.011232236,0.019922958,0.059035421,0.090190614,0.00107683,0.008947551,-0.000330652,0.009693728,0.010961915,0.021665459,0.066945027,0.0995724,0.001085071,0.008911482,-0.000330652,0.009665901,0.011073526,0.02179257,0.069791866,0.102657962,0.00107094,0.008917855,-0.000330652,0.009658143
GLR_329,0.000263895,0.0000526,0.000122431,0.000438923,0.000164162,0.000207342,0.000180626,0.00055213,-0.0000825,0.000180546,1.59E-008,0.0000981,0.000164018,0.000208198,0.000181299,0.000553515,-0.0000825,0.000180546,1.59E-008,0.0000981,0.000159965,0.000228419,0.00020643,0.000594814,-0.0000825,0.000180546,1.59E-008,0.0000981,0.000161777,0.000229756,0.000215505,0.000607038,-0.0000825,0.000180546,1.59E-008,0.0000981
GLR_330,0.001524985,0.0000545,0.000111479,0.001690941,0.000604391,0.001489178,0.0000455,0.002139026,-0.000857049,0.001619797,-0.0000801,0.000682664,0.00060386,0.00149532,0.0000456,0.002144799,-0.000857049,0.001619797,-0.0000801,0.000682664,0.000588937,0.001634885,0.0000516,0.002275458,-0.000857049,0.001614168,-0.0000801,0.000677034,0.00059561,0.001640872,0.0000538,0.002290279,-0.000857049,0.00161054,-0.0000801,0.000673406
GLR_331,0.007344051,0.0000493,0.000160118,0.00755342,0.004112899,0.003904343,0.0000119,0.008029129,-0.002798728,0.004349881,-0.000152714,0.001398439,0.004123206,0.003897359,0.0000119,0.008032503,-0.002783329,0.004323683,-0.000152714,0.00138764,0.004245239,0.003718001,0.0000139,0.007977181,-0.00252936,0.003747721,-0.000152714,0.001065648,0.004229219,0.003638356,0.0000147,0.007882251,-0.002601269,0.003644572,-0.000152714,0.000890589
GLR_332,0.000937415,0.000349052,0.00038089,0.001667357,0.000556865,0.001026034,0.000536404,0.002119303,-0.000322002,0.000759205,2.2E-009,0.000437205,0.000556375,0.001029015,0.000538213,0.002123604,-0.000322002,0.000759205,2.2E-009,0.000437205,0.000542625,0.00109767,0.000603635,0.00224393,-0.000322002,0.000759205,2.2E-009,0.000437205,0.000548774,0.001102911,0.000626947,0.002278633,-0.000322002,0.000759205,2.2E-009,0.000437205
GLR_333,0.045409305,0.00787391,0.015374087,0.068657302,0.031736622,0.032357171,0.012449233,0.076543026,-0.010335941,0.027888426,-0.006663177,0.010889309,0.031805217,0.032285577,0.012453497,0.076544292,-0.010229214,0.027677454,-0.006689878,0.010758362,0.032418476,0.03205609,0.012998004,0.077472571,-0.00864224,0.024677909,-0.007312888,0.008722781,0.032690284,0.03220966,0.012638887,0.077538831,-0.008749372,0.024659957,-0.007821899,0.008088686
GLR_334,0.000431238,0.001466974,0.004166651,0.006064864,0.000337234,0.001208114,0.000999745,0.002545094,-0.0000585,-0.000153858,-0.003478452,-0.003690857,0.000336837,0.001212019,0.001003354,0.00255221,-0.0000587,-0.000153669,-0.003478452,-0.003690779,0.000448005,0.001000129,0.000695423,0.002143556,0.0000769,-0.000458366,-0.003744781,-0.004126286,0.000244681,0.001396427,0.000724671,0.002365779,-0.000156845,-0.0000608,-0.003744781,-0.003962385
GLR_335,0.003354423,0.014479967,0.030723352,0.048557742,0.004477411,0.009433573,0.019342419,0.033253403,0.001593736,-0.004323243,-0.017792826,-0.020522333,0.004461758,0.009460079,0.019416258,0.033338095,0.001580775,-0.004323243,-0.017792826,-0.020535295,0.0042856,0.009957889,0.021944407,0.036187895,0.001506043,-0.004433232,-0.017949477,-0.020876666,0.004177839,0.009895934,0.022800426,0.036874199,0.001330739,-0.004539502,-0.018037772,-0.021246535
GLR_337,0.000471148,0.00137525,0.002267905,0.004114303,0.0001828,0.001707563,0.001347712,0.003238074,-0.000269129,0.000402977,-0.001304577,-0.001170729,0.000182639,0.001710698,0.001352189,0.003245526,-0.000269129,0.000402977,-0.001304577,-0.001170729,0.000158918,0.001783829,0.001513178,0.003455924,-0.000290913,0.000407667,-0.001304577,-0.001187823,0.000145952,0.001761614,0.001570416,0.003477982,-0.000307472,0.000378257,-0.001304577,-0.001233792
GLR_338,0.0000767,0.00079449,0.001347979,0.002219123,0.000098,0.000372412,0.000410469,0.00088093,0.0000317,-0.000411033,-0.001056021,-0.001435351,0.0000978,0.000366102,0.000410534,0.000874408,0.0000315,-0.000418745,-0.001056959,-0.001444211,0.0000927,0.000362051,0.000455984,0.000910726,0.0000285,-0.000434266,-0.001059631,-0.001465427,0.0000851,0.000317749,0.000423355,0.0008262,0.0000188,-0.000480097,-0.001090425,-0.001551747
GLR_339,0.001269797,0.001216958,0.001815662,0.004302417,0.000442512,0.002618431,0.001712576,0.00477352,-0.000780759,0.001592934,-0.000602828,0.000209347,0.000442123,0.002625533,0.001718388,0.004786044,-0.000780759,0.001592934,-0.000602828,0.000209347,0.000427387,0.002795246,0.001928988,0.00515162,-0.000785081,0.001600286,-0.000602828,0.000212377,0.000432229,0.00259019,0.001821144,0.004843564,-0.000785081,0.00138314,-0.000715166,-0.000117107
GLR_340,0.001882757,0.003988015,0.006437628,0.0123084,0.002906957,0.004467862,0.005837873,0.013212692,0.001329833,0.000612321,-0.00231512,-0.000372966,0.002904402,0.00447462,0.005857814,0.013236836,0.001329833,0.000612321,-0.00231512,-0.000372966,0.002763062,0.004682355,0.006483974,0.013929391,0.00125094,0.000680841,-0.002377599,-0.000445818,0.002786664,0.004412074,0.006334363,0.013533101,0.001242297,0.000398596,-0.002625936,-0.000985043
GLR_341,0.001059734,0.001849512,0.00213972,0.005048965,0.001672193,0.001851755,0.002302934,0.005826883,0.000788271,-0.00000932,-0.000494398,0.000284556,0.001670724,0.001852722,0.002310587,0.005834032,0.000788271,-0.00000932,-0.000494398,0.000284556,0.001606827,0.00190883,0.002585792,0.00610145,0.000762632,0.0000343,-0.000494398,0.000302537,0.001625034,0.001913714,0.002683647,0.006222395,0.000762632,0.0000343,-0.000494398,0.000302537
GLR_342,0.031107964,0.013102785,0.046394728,0.090605478,0.037061263,0.014814451,0.038345866,0.09022158,0.009849867,0.003589067,-0.020153866,-0.006714932,0.037054779,0.014780367,0.037977749,0.089812895,0.009878724,0.003481155,-0.020501131,-0.007141253,0.036234415,0.014442104,0.02876815,0.079444669,0.009986906,0.001646071,-0.029138856,-0.017505879,0.036647346,0.014435681,0.025596125,0.076679152,0.009989545,0.001552969,-0.031686456,-0.020143942
GLR_343,0.032077415,0.047982464,0.105431623,0.185491502,0.036160709,0.045487487,0.063273541,0.144921737,0.007885179,0.000571963,-0.061121122,-0.05266398,0.036120998,0.045585049,0.063282047,0.144988094,0.007876408,0.000552723,-0.061266199,-0.052837068,0.035123861,0.047157259,0.063595817,0.145876937,0.007757933,-0.000535689,-0.06591436,-0.058692116,0.03511805,0.047276974,0.064890549,0.147285572,0.007305092,-0.000622284,-0.066641048,-0.05995824
GLR_344,0.003565453,0.004489676,0.009723472,0.017778601,0.0024989,0.005786388,0.009330954,0.017616241,-0.000803822,0.001680038,-0.003215614,-0.002339399,0.002497238,0.005754218,0.009358365,0.017609821,-0.000803231,0.001627565,-0.003219271,-0.002394937,0.00241438,0.005935353,0.009296409,0.017646142,-0.00082721,0.001478566,-0.003980604,-0.003329249,0.002390188,0.0058076,0.009672821,0.017870609,-0.00088502,0.001322499,-0.003980604,-0.003543125
GLR_346,0.00952835,0.003749541,0.006818167,0.020096059,0.013481275,0.003421596,0.00670998,0.02361285,0.005370326,-0.000186672,-0.002177305,0.003006349,0.013480666,0.003402468,0.006563358,0.023446492,0.005382758,-0.000215175,-0.002293779,0.002873805,0.013191357,0.003424451,0.006711236,0.023327044,0.005432485,-0.00033019,-0.002715035,0.00238726,0.013238485,0.003595961,0.006985155,0.023819601,0.005317711,-0.000168895,-0.002715035,0.002433781
GLR_348,0.02677557,0.011177372,0.018429238,0.05638218,0.030401426,0.010322763,0.026642954,0.067367143,0.006822218,-0.000105659,-0.000383874,0.006332684,0.030359079,0.010350599,0.0267408,0.067450477,0.006804932,-0.000105659,-0.000383874,0.006315398,0.029528783,0.010987237,0.030385131,0.070901151,0.00671418,-0.000105659,-0.000383874,0.006224646,0.029734871,0.011037609,0.031699886,0.072472367,0.006570068,-0.000105659,-0.000383874,0.006080534
GLR_349,0.003654721,0.002341278,0.0078622,0.013858199,0.005533244,0.002324874,0.008015246,0.015873364,0.002460281,0.000275015,-0.002382494,0.000352802,0.005532288,0.002327978,0.008044582,0.015904847,0.002464602,0.000267664,-0.002382494,0.000349772,0.005458331,0.002384309,0.008184059,0.016026699,0.002535787,0.0000928,-0.002956052,-0.000327445,0.005597245,0.00219555,0.007382341,0.015175137,0.00262221,-0.000113026,-0.003623805,-0.001114621
GLR_351,0.000386084,0.000510832,0.001173109,0.002070025,0.000748411,0.00021407,0.000397193,0.001359674,0.000441014,-0.000269633,-0.000925693,-0.000754312,0.000747754,0.000214967,0.000398909,0.00136163,0.000441014,-0.000269633,-0.000925693,-0.000754312,0.000729274,0.000236182,0.000465827,0.001431283,0.000441014,-0.000269633,-0.000925693,-0.000754312,0.000737538,0.000237577,0.000490383,0.001465497,0.000441014,-0.000269633,-0.000925693,-0.000754312
GLR_352,0.000648669,0.002939251,0.00742441,0.01101233,0.000717005,0.00308451,0.009746254,0.01354777,0.000143721,0.000365156,-0.000693477,-0.0001846,0.000728042,0.003073153,0.009722488,0.013523683,0.000156626,0.000343202,-0.000733613,-0.000233786,0.000796219,0.003011798,0.009707654,0.013515671,0.000254354,0.000091,-0.001514998,-0.001169654,0.000807706,0.003020514,0.010112701,0.013940921,0.000257119,0.0000863,-0.001514998,-0.001171593
GLR_355,0.004053296,0.000249966,0.000288996,0.004592259,0.004532524,0.000221855,0.000458555,0.005212934,0.000955771,3.53E-009,9.43E-009,0.000955784,0.00452854,0.000222785,0.000460486,0.005211811,0.000955771,3.53E-009,9.43E-009,0.000955784,0.004416624,0.000244771,0.000535291,0.005196686,0.000955771,3.53E-009,9.43E-009,0.000955784,0.00446667,0.000246216,0.000562682,0.005275568,0.000955771,3.53E-009,9.43E-009,0.000955784
GLR_359,0.000275945,0.000171096,0.000578127,0.001025169,0.0004087,0.000280062,0.000808004,0.001496765,0.000175725,0.000144457,-0.0000252,0.000295021,0.000408341,0.000281235,0.000810955,0.001500532,0.000175725,0.000144457,-0.0000252,0.000295021,0.000398249,0.00030899,0.000920593,0.001627832,0.000175725,0.000144457,-0.0000252,0.000295021,0.000402762,0.000310815,0.000960088,0.001673665,0.000175725,0.000144457,-0.0000252,0.000295021
GLR_361,0.008847629,0.007947282,0.011704233,0.028499145,0.008369721,0.006311414,0.013791592,0.028472727,0.000402072,-0.000943789,-0.002803063,-0.00334478,0.008295683,0.006314417,0.013820713,0.028430813,0.000328314,-0.000963944,-0.002822228,-0.003457857,0.00797258,0.006858232,0.015921142,0.030751955,0.000194387,-0.000971294,-0.002848932,-0.00362584,0.007738105,0.006836512,0.0165217,0.031096316,-0.000169871,-0.001030302,-0.002955203,-0.004155376
GLR_365,0.013464525,0.00806584,0.008273778,0.029804143,0.009963893,0.011589898,0.013282385,0.034836175,-0.002453043,0.004992819,0,0.002539777,0.009937644,0.011621967,0.01333978,0.034899391,-0.002472391,0.004974297,0,0.002501906,0.009649171,0.012707834,0.015577559,0.037934563,-0.002521022,0.00491191,0,0.002390888,0.009472364,0.012768694,0.016398727,0.038639785,-0.002841912,0.004897514,0,0.002055602
GLR_367,0.04438916,0.019993103,0.034172436,0.0985547,0.049346011,0.023962479,0.02981393,0.10312242,0.01014502,0.007003699,-0.015085572,0.002063147,0.0492873,0.02404975,0.02993656,0.103273611,0.01012805,0.006989001,-0.015085572,0.00203148,0.048064646,0.026299879,0.034346686,0.108711212,0.010122839,0.006864754,-0.015272546,0.001715047,0.048464245,0.02643772,0.036057513,0.110959478,0.009960198,0.00684709,-0.015272546,0.001534742
GLR_370,0.010038075,0.003480327,0.004161977,0.017680379,0.005453582,0.010166779,0.006031196,0.021651557,-0.004011111,0.007684144,-1.65E-008,0.003673017,0.005447078,0.010171494,0.006052853,0.021671425,-0.004013004,0.007650623,-1.65E-008,0.003637603,0.005493477,0.010611644,0.006852842,0.022957963,-0.003807707,0.007279305,-1.65E-008,0.003471582,0.005499719,0.010426986,0.006859568,0.022786273,-0.003870513,0.007042158,-0.000172445,0.0029992
GLR_372,0.005893293,0.00974417,0.012438252,0.028075715,0.004769091,0.013334097,0.017559443,0.035662631,-0.000622786,0.004222777,-1.54E-008,0.003599975,0.004784422,0.013328077,0.017618783,0.035731283,-0.000601192,0.004186038,-1.54E-008,0.003584831,0.004758004,0.013742557,0.019766255,0.038266815,-0.000497054,0.004008867,-1.54E-008,0.003511798,0.004811918,0.013796286,0.020531859,0.039140064,-0.000497054,0.004008867,-1.54E-008,0.003511798
GLR_373,0.00513731,0.001137764,0.001897107,0.008172181,0.00433169,0.003907724,0.001942462,0.010181876,-0.000350192,0.003265177,-0.00061787,0.002297115,0.004331786,0.003911007,0.001911084,0.010153877,-0.000345874,0.003250483,-0.00064456,0.002260049,0.004278535,0.004188236,0.002196162,0.010662933,-0.000284855,0.003139431,-0.00064456,0.002210016,0.004327016,0.004205731,0.002299782,0.010832529,-0.000284855,0.003132083,-0.00064456,0.002202668
GLR_374,0.016094976,0.011055314,0.015943924,0.043094214,0.015530413,0.014901278,0.023956958,0.054388649,0.001068282,0.005734369,-0.000423368,0.006379283,0.015502409,0.014955555,0.024053983,0.054511948,0.001052405,0.005725191,-0.000423368,0.006354227,0.015019931,0.016388332,0.027771393,0.059179656,0.000939716,0.005681108,-0.000423368,0.006197456,0.015006949,0.016456393,0.029126653,0.060589995,0.000734297,0.005651958,-0.000423368,0.005962887
GLR_378,0.005006575,0.007735632,0.017043321,0.029785528,0.002967327,0.006157734,0.003711771,0.012836833,-0.001727267,-0.000993956,-0.014541761,-0.017262985,0.0029701,0.0061691,0.00372575,0.01286495,-0.001721316,-0.001004081,-0.014541761,-0.017267158,0.002707423,0.007000368,0.004250011,0.013957803,-0.001935981,-0.00063887,-0.014541761,-0.017116612,0.002748376,0.007017301,0.00443958,0.014205257,-0.001924458,-0.000658473,-0.014541761,-0.017124693
GLR_381,0.023533848,0.014127591,0.028863592,0.066525031,0.022479389,0.017834839,0.015850267,0.056164495,0.001308991,0.005658895,-0.018431283,-0.011463397,0.022343624,0.017892096,0.015912675,0.056148395,0.001180673,0.005648816,-0.018431283,-0.011601793,0.021829487,0.01909924,0.018284581,0.059213308,0.001223829,0.005295176,-0.018431283,-0.011912279,0.021575799,0.019116593,0.019146666,0.059839057,0.000661944,0.005206418,-0.018431283,-0.012562921
GLR_389,0.037540995,0.042641774,0.1207297,0.200912469,0.040443787,0.021354353,0.012820744,0.074618884,0.007154994,-0.018581231,-0.11255047,-0.123976707,0.040355229,0.021238465,0.012795741,0.074389435,0.007096356,-0.018811687,-0.112603799,-0.12431913,0.040172122,0.021903883,0.014737777,0.076813781,0.008019783,-0.020272649,-0.112657157,-0.124910023,0.040595108,0.022100971,0.015476091,0.078172169,0.007983661,-0.020203871,-0.112657157,-0.124877368
GLR_391,0.00000971,0.002362528,0.002252714,0.004624948,0.00000212,0.002407671,0.003136251,0.005546045,-0.00000736,0.0000094,-0.00000949,-0.00000745,0.00000212,0.002408357,0.003146653,0.005557132,-0.00000736,0.0000094,-0.00000949,-0.00000745,0.00000207,0.00241146,0.003520503,0.005934032,-0.00000736,0.0000094,-0.00000949,-0.00000745,0.00000209,0.002416857,0.00365339,0.006072339,-0.00000736,0.0000094,-0.00000949,-0.00000745
GLR_392,0.000398201,0.69026987,0.664989584,1.355657655,0.000668717,0.699760668,0.921316742,1.621746127,0.000340825,-0.000814801,-0.006268089,-0.006742066,0.000662621,0.699950247,0.924286638,1.624899507,0.000334732,-0.000827197,-0.006329175,-0.00682164,0.000929124,0.699353981,1.029165924,1.729449029,0.000655555,-0.002406403,-0.009399941,-0.011150789,0.000899581,0.700295984,1.066257188,1.767452753,0.000610618,-0.003018535,-0.010459662,-0.01286758
GLR_393,0.004124578,0.001236201,0.001906339,0.007267118,0.002280256,0.003595263,0.002505184,0.008380703,-0.001604579,0.002699551,-0.000114486,0.000980487,0.002281833,0.00360115,0.002513494,0.008396476,-0.001600618,0.002692813,-0.000114486,0.000977709,0.002288555,0.003758065,0.002812119,0.008858739,-0.001529038,0.002571032,-0.000114486,0.000927509,0.002308868,0.003777269,0.002918267,0.009004403,-0.00153534,0.002571032,-0.000114486,0.000921207
MEK_7,0.004539062,0.006299763,0.016219993,0.027058818,0.004544042,0.006464078,0.016607454,0.027615573,4.26247E-005,0,0,4.26247E-005,0.004553065,0.006468693,0.016618792,0.02764055,4.26247E-005,-1.91846E-006,-4.82568E-006,3.58806E-005,0.004547197,0.006472506,0.016630877,0.027650581,4.26247E-005,-1.91846E-006,-4.82568E-006,3.58806E-005,0.004546898,0.006463361,0.016604509,0.027614768,4.26247E-005,0,0,4.26247E-005
MEK_9,0.072683037,0.130711443,0.286420151,0.489814632,0.072438773,0.133487756,0.292697493,0.498624022,0.000355845,-0.000247954,-0.000448083,-0.000340192,0.072576606,0.133611934,0.292977415,0.499165954,0.000349794,-0.00025326,-0.000451791,-0.000355256,0.072486068,0.133679401,0.293190712,0.499356182,0.000352819,-0.000251785,-0.000448083,-0.000347048,0.072481307,0.133474811,0.292646462,0.498602581,0.000352819,-0.000251785,-0.000448083,-0.000347048
MEK_10,0.018529393,0.017993487,0.07011093,0.106633809,0.018479861,0.018558637,0.07163444,0.108672938,0.000103562,0,0,0.000103562,0.018516557,0.018579242,0.071699411,0.10879521,0.000103562,0,0,0.000103562,0.018492692,0.018593445,0.071746827,0.108832965,0.000103562,0,0,0.000103562,0.018491477,0.018555107,0.071623166,0.10866975,0.000103562,0,0,0.000103562
MEK_11,0.024855131,0.036326055,0.092074353,0.153255538,0.024697551,0.037270347,0.094232093,0.156199991,4.70241E-005,-9.60763E-006,-0.000036447,9.69426E-007,0.024746595,0.037306514,0.09431662,0.156369728,4.70241E-005,-1.15293E-005,-4.43512E-005,-8.85646E-006,0.0247147,0.037328736,0.094385227,0.156428663,4.70241E-005,-1.15293E-005,-4.43512E-005,-8.85646E-006,0.024713077,0.037264128,0.094207332,0.156184537,4.70241E-005,-1.15293E-005,-4.43512E-005,-8.85646E-006
MEK_12,0.015008247,0.038536869,0.063772221,0.117317338,0.015256276,0.039128261,0.065219474,0.119604011,0.000374418,-0.000222392,-7.64304E-005,0.000075595,0.015286571,0.039164972,0.065283447,0.11973499,0.000374418,-0.000222392,-7.64304E-005,0.000075595,0.015266869,0.039181773,0.065330702,0.119779343,0.000374418,-0.000222392,-7.64304E-005,0.000075595,0.015265866,0.039126771,0.065207798,0.119600435,0.000374418,-0.000222392,-7.64304E-005,0.000075595
MEK_13,0.00013023,7.91348E-005,0.000200017,0.000409381,0.000148165,8.16712E-005,0.000206311,0.000436147,1.91625E-005,-1.25052E-011,-3.14554E-011,1.91625E-005,0.000148459,8.17628E-005,0.000206569,0.000436791,1.91625E-005,-1.25052E-011,-3.14554E-011,1.91625E-005,0.000148268,0.000081827,0.000206764,0.000436858,1.91625E-005,-1.25052E-011,-3.14554E-011,1.91625E-005,0.000148258,8.16549E-005,0.00020626,0.000436173,1.91625E-005,-1.25052E-011,-3.14554E-011,1.91625E-005
MEK_15,0.008021474,0.007978371,0.027057686,0.043057531,0.008660126,0.008171271,0.027469691,0.044301088,0.000710396,-5.98194E-005,-0.000209041,0.000441535,0.008677323,0.008178418,0.027490983,0.044346723,0.000710396,-6.17498E-005,-0.000213897,0.000434749,0.008666139,0.008184805,0.027510386,0.04436133,0.000710396,-6.17498E-005,-0.000213897,0.000434749,0.00866557,0.008169655,0.027465022,0.044300247,0.000710396,-0.00005982,-0.000209043,0.000441533
MEK_16,0.048249089,0.064694635,0.161085558,0.274029283,0.049829686,0.064032735,0.161972995,0.275835416,0.001993404,-0.002399168,-0.002975909,-0.003381673,0.049725159,0.064094098,0.162123615,0.275942871,0.001788648,-0.002404916,-0.00298723,-0.003603498,0.049793771,0.064119511,0.162183954,0.276097237,0.001922355,-0.002420571,-0.003045302,-0.003543518,0.049790501,0.064034006,0.161975261,0.275799768,0.001922355,-0.002389379,-0.002945042,-0.003412067
MEK_17,0.049689941,0.087312588,0.160492907,0.297495435,0.049906074,0.085533883,0.157012388,0.292452345,0.000629574,-0.003217465,-0.007028766,-0.009616657,0.050005176,0.085599988,0.157145351,0.292750515,0.000629574,-0.003225288,-0.007045344,-0.009641058,0.049940727,0.085600673,0.157172519,0.292713919,0.000629574,-0.003248691,-0.007126001,-0.009745118,0.049937446,0.08555613,0.157045991,0.292539568,0.000629574,-0.003197941,-0.006970311,-0.009538679
MEK_18,0.021498288,0.044468312,0.106272078,0.172238678,0.021339933,0.044546039,0.10600949,0.171895462,1.84332E-005,-0.000838505,-0.002594462,-0.003414534,0.021316308,0.044581612,0.106077218,0.171975138,-0.000047983,-0.000844349,-0.002625097,-0.003517429,0.021354751,0.044590282,0.106124449,0.172069482,1.84332E-005,-0.000854113,-0.002649307,-0.003484988,0.021353348,0.044546517,0.1060003,0.171900165,1.84332E-005,-0.000836554,-0.002586437,-0.003404558
MEK_19,0.002829106,0.007206127,0.022202732,0.032237964,0.002864149,0.007093319,0.022221805,0.032179273,0.000058771,-0.000273304,-0.000432598,-0.000647131,0.002869837,0.007100205,0.022241121,0.032211163,0.000058771,-0.000273304,-0.000432598,-0.000647131,0.002866138,0.007101677,0.022249896,0.032217712,0.000058771,-0.000275262,-0.000437525,-0.000654016,0.00286595,0.007092845,0.022218494,0.032177289,0.000058771,-0.000273304,-0.000432598,-0.000647131
MEK_22,0.002639681,0.002964662,0.01226746,0.017871803,0.002629623,0.002608796,0.01078941,0.016027829,1.17275E-005,-0.000436887,-0.001695684,-0.002120843,0.002634845,0.002603629,0.010768798,0.016007273,1.17275E-005,-0.000444718,-0.001724764,-0.002157755,0.002631449,0.002609725,0.01079212,0.016033294,1.17275E-005,-0.000440801,-0.001708653,-0.002137727,0.002631276,0.002612312,0.010801192,0.01604478,1.17275E-005,-0.000432975,-0.001682717,-0.002103964
MEK_23,0.016778475,0.106706123,0.229797608,0.353282206,0.016681445,0.108235929,0.233893621,0.358810995,4.11661E-005,-0.00010793,-0.000397037,-0.000463801,0.016714571,0.108324531,0.234078993,0.359118094,4.11661E-005,-0.000109883,-0.000405067,-0.000473784,0.016693028,0.108347642,0.234209412,0.359250083,4.11661E-005,-0.000111836,-0.000413102,-0.000483772,0.016691932,0.10824147,0.233861292,0.358794694,4.11661E-005,-0.00010793,-0.000397037,-0.000463801
MEK_24,0.022301132,0.02718964,0.106756385,0.156247157,0.02216399,0.026555797,0.104121039,0.152840826,4.64722E-005,-0.001457508,-0.004905391,-0.006316427,0.022208002,0.026582967,0.104217462,0.153008432,4.64722E-005,-0.001460006,-0.004905397,-0.006318931,0.022179379,0.026583498,0.104223967,0.152986843,4.64722E-005,-0.00147965,-0.004967363,-0.006400541,0.022177923,0.026552537,0.104112436,0.152842896,4.64722E-005,-0.001455544,-0.004897313,-0.006306385
MEK_25,0.014081763,0.011209598,0.038331432,0.063622794,0.01481171,0.009871115,0.03435585,0.059038675,0.000852652,-0.00164505,-0.004792422,-0.005584819,0.014834427,0.009858689,0.034324508,0.059017624,0.000845915,-0.001667786,-0.004855878,-0.005677749,0.014825069,0.009870394,0.034359683,0.059055146,0.00085575,-0.001663955,-0.004846239,-0.005654444,0.014824095,0.009867344,0.034338698,0.059030137,0.00085575,-0.001646793,-0.00480307,-0.005594113
MEK_28,0.050228966,0.061765495,0.1667361,0.278730561,0.049831744,0.058352318,0.155890043,0.264074104,1.56019E-005,-0.004736186,-0.01436686,-0.019087443,0.049930697,0.058409005,0.156061616,0.264401318,1.56019E-005,-0.004736194,-0.014344833,-0.019065425,0.049866344,0.058360387,0.155923963,0.264150694,1.56019E-005,-0.004811126,-0.014583726,-0.01937925,0.049863069,0.058362605,0.155915491,0.264141165,1.56019E-005,-0.004722392,-0.014316422,-0.019023212
MEK_29,0.007017584,0.006668735,0.027434255,0.041120574,0.006965538,0.006575802,0.027000818,0.040542158,5.65847E-006,-0.000297156,-0.001064983,-0.00135648,0.00697937,0.006583174,0.027027546,0.04059009,5.65847E-006,-0.000297156,-0.001064983,-0.00135648,0.006970374,0.006578116,0.027008568,0.040557058,5.65847E-006,-0.000307049,-0.001102512,-0.001403903,0.006969916,0.006574489,0.026996051,0.040540456,5.65847E-006,-0.000297156,-0.001064983,-0.00135648
MEK_30,0.019951933,0.017400725,0.054150076,0.091502735,0.019988523,0.016199805,0.050166112,0.08635444,0.000202182,-0.001648239,-0.005180155,-0.006626212,0.020028215,0.016198559,0.050163683,0.086390458,0.000202182,-0.00166606,-0.005231306,-0.006695184,0.020002402,0.016203211,0.050179047,0.08638466,0.000202182,-0.001671988,-0.005252546,-0.006722352,0.020001088,0.016195403,0.050155071,0.086351562,0.000202182,-0.001650222,-0.005181984,-0.006630024
MEK_31,0.040679845,0.266189594,0.436230686,0.743100126,0.040366133,0.268254743,0.442088682,0.750709557,2.06951E-005,-0.000787807,-0.002667074,-0.003434186,0.04044629,0.268468101,0.442495322,0.751409714,2.06951E-005,-0.000777881,-0.002629422,-0.003386608,0.040394161,0.268463787,0.442674016,0.751531963,2.06951E-005,-0.000801716,-0.002711578,-0.003492599,0.040391508,0.268295677,0.44205461,0.750741795,2.06951E-005,-0.000779863,-0.002640751,-0.003399919
MEK_32,0.024543966,0.029920613,0.118164368,0.172628946,0.025510836,0.028553079,0.113974318,0.168038233,0.001178212,-0.002105871,-0.006496956,-0.007424615,0.025561495,0.02856597,0.114028552,0.168156016,0.001178212,-0.002121814,-0.006540235,-0.007483836,0.02552855,0.028564737,0.114040155,0.168133442,0.001178212,-0.002139713,-0.006597982,-0.007559482,0.025526873,0.028553809,0.113967868,0.16804855,0.001178212,-0.002101903,-0.006486976,-0.007410667
MEK_33,0.033799326,0.154252462,0.226382553,0.414434342,0.033463622,0.15543996,0.229530648,0.418434231,-5.84788E-005,-0.000469459,-0.001411982,-0.00193992,0.033492542,0.155352105,0.229072941,0.417917588,-0.000096246,-0.000668461,-0.00204531,-0.002810017,0.033480606,0.155290622,0.228979654,0.417750882,-6.47784E-005,-0.000739282,-0.002271603,-0.003075663,0.033478407,0.155460926,0.22950283,0.418442163,-6.47784E-005,-0.000467467,-0.001406971,-0.001939216
MEK_34,0.049209575,0.162952385,0.341394701,0.553556662,0.048723591,0.164314,0.344844268,0.557881859,-8.23405E-005,-0.00095571,-0.003277675,-0.004315726,0.048785733,0.163993511,0.343583132,0.556362376,-0.000117169,-0.001396133,-0.004781831,-0.006295133,0.048747997,0.163855725,0.343138123,0.555741845,-0.000091837,-0.001560254,-0.005413227,-0.007065318,0.048744795,0.164338962,0.344870991,0.557954748,-0.000091837,-0.000942252,-0.003204455,-0.004238543
MEK_35,0.047516633,0.062347991,0.258268941,0.368133565,0.047903578,0.062189734,0.257375541,0.367468853,0.000783795,-0.00178587,-0.005859312,-0.006861387,0.0478668,0.062182466,0.257358585,0.367407851,0.000651064,-0.00185514,-0.00608413,-0.007288206,0.047876435,0.062149655,0.257237975,0.367264065,0.000722933,-0.001923887,-0.00634956,-0.007550515,0.047873291,0.062209611,0.257430597,0.367513499,0.000722933,-0.001759207,-0.005771614,-0.006807889
MEK_36,0.021628878,0.033390746,0.166447433,0.221467057,0.022495583,0.03415353,0.169052605,0.225701718,0.001053067,-0.000225677,-0.000653809,0.000173581,0.022501305,0.034192041,0.169197197,0.225890543,0.001013874,-0.000224214,-0.00065013,0.00013953,0.022498761,0.034214873,0.16929395,0.226007583,0.00104053,-0.000225677,-0.000653809,0.000161045,0.022497283,0.034155561,0.169055243,0.225708086,0.00104053,-0.000218201,-0.0006286,0.000193729
MEK_37,0.103103875,0.289783651,0.34855114,0.741438666,0.102567032,0.290951437,0.352365313,0.745883782,0.00031286,-0.001255184,-0.003375811,-0.004318135,0.102917935,0.291077031,0.3524295,0.746424466,0.000461015,-0.001335255,-0.003612428,-0.004486668,0.102691441,0.290915076,0.352168191,0.745774708,0.000366454,-0.001490543,-0.004079871,-0.005203959,0.102750378,0.291034702,0.352416585,0.746201665,0.000432639,-0.001219152,-0.003275592,-0.004062106
MEK_38,0.029692224,0.042249136,0.09547205,0.16741341,0.029431507,0.040715069,0.091188106,0.161334681,-1.68961E-005,-0.002059842,-0.005956417,-0.008033155,0.029412519,0.040703491,0.091120051,0.161236061,-0.000094814,-0.002102483,-0.006092939,-0.008290236,0.029415942,0.040682778,0.091101804,0.161200524,-5.31699E-005,-0.002128585,-0.006160008,-0.008341764,0.029414009,0.040720638,0.091173277,0.161307924,-5.31699E-005,-0.002057844,-0.005959606,-0.008070619
MEK_39,0.031244309,0.135508132,0.136807859,0.3035603,0.031028445,0.13506457,0.136341341,0.302434355,4.11867E-005,-0.001357426,-0.003153869,-0.004470109,0.030936934,0.13444572,0.136003725,0.301386378,-0.000112902,-0.002064265,-0.003594498,-0.005771665,0.030983791,0.134657844,0.13592628,0.301567915,-2.55137E-005,-0.001842227,-0.003747897,-0.005615637,0.030981756,0.134870234,0.136464847,0.302316836,-2.55137E-005,-0.001578392,-0.003016972,-0.004620878
MEK_41,0.022772136,0.036930727,0.075284724,0.134987587,0.023527694,0.037158308,0.076966129,0.137652131,0.00095047,-0.000760631,-0.000258649,-6.88096E-005,0.023574414,0.037197004,0.077047036,0.137818454,0.00095047,-0.000760635,-0.000258659,-6.88239E-005,0.023544031,0.037212453,0.07708714,0.137843624,0.00095047,-0.000768373,-0.000278124,-9.60265E-005,0.023542484,0.037155497,0.076956066,0.137654047,0.00095047,-0.000758694,-0.000253778,-0.000062002
MEK_42,0.0221259,0.040737448,0.07883893,0.141702278,0.02225837,0.041078324,0.080541467,0.143878161,0.000316866,-0.000539375,-0.000262825,-0.000485334,0.02230257,0.041117326,0.080623598,0.144043494,0.000316866,-0.000539375,-0.000262825,-0.000485334,0.022273825,0.041135866,0.080684381,0.144094072,0.000316866,-0.000539375,-0.000262825,-0.000485334,0.022272362,0.041076351,0.08052625,0.143874963,0.000316866,-0.000539375,-0.000262825,-0.000485334
MEK_43,0.174650801,0.070225352,0.076774672,0.321650825,0.171486402,0.069359685,0.074231057,0.315077143,-0.001743743,-0.001395246,-0.003982659,-0.007121648,0.170449681,0.069377241,0.074217213,0.314044136,-0.003129652,-0.001425491,-0.004056412,-0.008611555,0.171119096,0.069368974,0.074239256,0.314727326,-0.00223381,-0.001431542,-0.004078075,-0.007743427,0.171107856,0.069356888,0.074200007,0.314664751,-0.00223381,-0.001409337,-0.004002875,-0.007646022
WAN_1,3.26737E-005,0.005346563,0.028170835,0.033550071,3.00266E-005,0.005836587,0.028181089,0.034047703,3.00235E-005,0.005838042,0.028184216,0.034052281,3.00287E-005,0.005836992,0.028181639,0.03404866,3.00231E-005,0.005837263,0.028182092,0.034049378,0,0,0,0,0,0,0,0,0,0,0,0,0,0,0,0
WAN_2,0.013806307,0.079159927,0.258615764,0.351581998,0.012996882,0.083502959,0.258707819,0.355207659,0.012998635,0.083517961,0.258732358,0.355248955,0.012997803,0.083506846,0.258712865,0.355217513,0.012995379,0.083509391,0.25871702,0.355221789,0.000336372,-0.000272887,-0.000002074,6.14114E-005,0.000339752,-0.000273625,-0.000006222,5.99055E-005,0.000336372,-0.000272887,-0.000002074,6.14114E-005,0.000336372,-0.000272887,-0.000002074,6.14114E-005
WAN_3,0.158665227,0.618019116,1.120330841,1.897015184,0.146722713,0.633610185,1.120125534,1.900458432,0.146992668,0.633588811,1.12016257,1.900744049,0.14677177,0.633614434,1.120125573,1.900511777,0.14686535,0.633589836,1.120121059,1.900576245,0.000992465,-0.008806942,-0.000612254,-0.008426731,0.00130287,-0.008916495,-0.000698885,-0.00831251,0.001034536,-0.008822231,-0.000634069,-0.008421764,0.001166162,-0.008856865,-0.000656549,-0.008347252
WAN_4,0.002151942,0.035290335,0.159040957,0.196483234,0.001977598,0.038072311,0.159098846,0.199148755,0.001977392,0.038080933,0.159116496,0.199174821,0.001977738,0.038074623,0.159101949,0.19915431,0.001977369,0.038076158,0.159104504,0.199158031,0,0,0,0,0,0,0,0,0,0,0,0,0,0,0,0
WAN_5,0.062535362,0.152281659,0.476262059,0.69107908,0.057713816,0.160764201,0.476435423,0.694913441,0.057724929,0.160789756,0.476488242,0.695002927,0.057727219,0.160769094,0.47644472,0.694941032,0.057721111,0.160772666,0.476452372,0.694946149,0.000266467,-0.000201888,0,6.45783E-005,0.000285098,-0.000205957,0,0.000079141,0.000276602,-0.000204102,0,7.24999E-005,0.000281669,-0.000205208,0,7.64609E-005
WAN_6,7.37096E-005,0.007683799,0.042961692,0.050719201,6.62112E-005,0.008431639,0.042977331,0.051475181,6.62043E-005,0.008433823,0.042982099,0.051482126,6.62159E-005,0.008432256,0.042978169,0.051476641,6.62036E-005,0.008432669,0.042978859,0.051477731,-1.66122E-006,3.62788E-007,0,-1.29843E-006,-1.66122E-006,3.62788E-007,0,-1.29843E-006,-1.66122E-006,3.62788E-007,0,-1.29843E-006,-1.66122E-006,3.62788E-007,0,-1.29843E-006
WAN_7,0.023839247,0.102089843,0.252470268,0.378399358,0.021991741,0.106820434,0.252484396,0.381296571,0.022026723,0.1068282,0.252465195,0.381320118,0.022005725,0.106820869,0.252471206,0.3812978,0.022009386,0.10682148,0.252466959,0.381297825,0.000091271,-5.63066E-005,-7.76771E-005,-4.27127E-005,0.000131833,-6.55338E-005,-0.00012482,-5.85212E-005,0.000104792,-5.96285E-005,-0.000095785,-5.06215E-005,0.000113242,-6.14739E-005,-0.000104081,-5.23123E-005
WAN_8,0.193481048,0.393820287,0.765013104,1.352314438,0.189984617,0.388561134,0.765261462,1.343807213,0.189692205,0.388578207,0.765179277,1.343449689,0.189972532,0.388579231,0.765274949,1.343826711,0.189905223,0.388597516,0.765287243,1.343789983,0.013252489,-0.023348426,-2.98638E-005,-0.0101258,0.012955786,-0.023397631,-0.000196391,-0.010638235,0.013224698,-0.023345959,-3.13407E-005,-0.010152601,0.01319,-0.023338381,-3.13407E-005,-0.010179722
WAN_9,0.02544695,0.123391662,0.291296578,0.440135191,0.024453194,0.127696587,0.291402491,0.443552271,0.024453663,0.127717728,0.291434696,0.443606087,0.024454926,0.12770167,0.291408179,0.443564775,0.024448858,0.127705357,0.291412857,0.443567072,0.001162021,-0.001672627,0,-0.000510606,0.001165302,-0.001673343,0,-0.000508041,0.001162021,-0.001672627,0,-0.000510606,0.00116038,-0.001672268,0,-0.000511888
WAN_14,0.324218553,0.255724459,0.266939279,0.846882292,0.347624932,0.222221447,0.266960316,0.836806695,0.347481672,0.222184026,0.266945216,0.836610914,0.347513006,0.222198145,0.266944156,0.836655307,0.347482333,0.222206914,0.266948448,0.836637695,0.054052766,-0.042260408,-7.59654E-005,0.011716393,0.053936239,-0.042327587,-0.000120302,0.01148835,0.053904192,-0.042288743,-9.73564E-005,0.011518093,0.053941333,-0.042285144,-9.73564E-005,0.011558833
WAN_15,3.53677E-005,0.00008367,0.000148158,0.000267196,3.25023E-005,8.63498E-005,0.000148212,0.000267064,3.24989E-005,8.63618E-005,0.000148229,0.00026709,3.25046E-005,8.63522E-005,0.000148215,0.000267072,3.24985E-005,8.63536E-005,0.000148218,0.00026707,0,0,0,0,0,0,0,0,0,0,0,0,0,0,0,0
WAN_16,0.046870025,0.028467744,0.037151353,0.112489121,0.043866053,0.028658333,0.037155806,0.109680192,0.043864589,0.028662064,0.037157686,0.109684339,0.043870684,0.028658648,0.037154468,0.1096838,0.043860975,0.028659926,0.037155055,0.109675956,0.00086323,-0.002124742,-8.72073E-006,-0.001270232,0.000866607,-0.002127675,-1.07768E-005,-0.001271845,0.000864889,-0.0021262,-1.07768E-005,-0.001272088,0.000863226,-0.0021262,-1.07768E-005,-0.001273751
WAN_17,0.148843588,0.198640936,0.301599112,0.649083635,0.152539713,0.195737834,0.301061275,0.649338822,0.152658796,0.195694088,0.301003721,0.649356604,0.15257985,0.19572084,0.301053913,0.649354603,0.152605292,0.19570447,0.301025313,0.649335075,0.017143927,-0.010535633,-0.000647225,0.005961069,0.0172908,-0.010603179,-0.000737918,0.005949703,0.017175843,-0.010557101,-0.000660467,0.005958276,0.017234495,-0.010575837,-0.000693887,0.005964772
